student_id,minor
42ff7df2-ed32-4d3d-ab18-51a759088715,Journalism
1d9f3b7e-706c-4006-b702-75bcccff15b9,American/Us law/Legal studies/Jurisprudence
d99da384-8857-4520-bd85-c4fb57e7fd04,Writing
258c74f5-e856-4d07-a2d4-337f6453286f,"Sociology, general"
0b6396bd-712d-4838-a49a-fc1186acb10a,"Sociology, general"
471a6e5b-2c6c-4a40-a2d0-240513a2333a,"Criminal justice and corrections, general"
c542fbfd-5323-44a8-9a0d-d535e5d9d106,"Geological and earth sciences/Geosciences, other"
85a973cc-9542-4832-97c0-de23c599ce88,"Geological and earth sciences/Geosciences, other"
8f748223-aefc-4ff8-92dd-d2317de08d81,"Political science and government, general"
8e003c25-c6c6-49b3-a9bf-17572b1dc058,German language and literature
63572b85-c481-40d8-8498-6e893116369c,Outdoor education
0df48953-fdb7-486e-bfcf-29676a4b11f3,French language and literature
fd274a78-7f60-44b6-aa09-8c190cbc52ae,Accounting and business/Management
d73442d5-6994-455d-bd41-dfd933f7b2a3,"Data science, general"
41d741af-85aa-4d7d-a1bc-8a82bef518cf,French language and literature
b19c6304-7ae8-4ec4-bee4-6896946abc56,Apparel and accessories marketing operations
f03e2e95-1547-4ea6-9844-e2d7722ab829,"Business administration and management, general"
b19c6304-7ae8-4ec4-bee4-6896946abc56,Apparel and textile marketing management
b9f4e521-a184-42d7-8768-2752a0b5784f,"Marketing, other"
ed38dafb-87ce-4340-92bf-7dffaf40ecfa,"Arts, entertainment, and media management, general"
d06d8f65-54ce-4a93-901d-aa3b0185aeb0,Spanish language and literature
4dbe1e9e-963e-4c11-be79-99945462f738,Comparative literature
34ba81d5-895c-4c86-892b-debb2804a49a,Comparative literature
6150dfa4-7c09-4f16-9aba-d232bbfe280d,Social psychology
6150dfa4-7c09-4f16-9aba-d232bbfe280d,Spanish language and literature
5bf76d3b-7a12-4f0f-af8e-ae9b8e0db05d,"Political science and government, general"
62965e90-a969-407e-ae52-c48a9abd6258,"Sociology, general"
e3287299-7133-4e91-846a-77a6baae9fc8,Spanish language and literature
4d527445-e092-4b41-bdaa-d6366af4ee06,Art
97e0bc35-9c8d-4925-9f84-18f67f88f7d3,"Marketing, other"
04294bdc-2497-48e2-b010-0374df08bf26,Photography
37a1f17b-1d42-453b-bbe6-dc411ba52424,"Multi-/Interdisciplinary studies, general"
b5581745-5e8a-42c8-bb96-6086c6d708e1,Mathematics and statistics
b5581745-5e8a-42c8-bb96-6086c6d708e1,Music
b5581745-5e8a-42c8-bb96-6086c6d708e1,Physics and astronomy
d8137033-1a69-4f23-bb63-7cf84dc99b2d,Photography
ea27a982-c1fd-4030-a556-4d86632dc385,"Business administration and management, general"
3c741ef8-b53c-46e4-ad4e-35e215c4326c,"Drama and dramatics/Theatre arts, general"
a0b674c0-ef03-40e6-8dc3-9066b2794f09,"Statistics, general"
f11c0727-e868-4090-b13e-f12918719723,"Hispanic and latin american languages, literatures, and linguistics, general"
f128755f-9866-4944-b112-f800ac63f854,"Data science, general"
dca0d51d-3ccb-4220-ac37-4973c286b2f4,Clinical psychology
c1493cd0-fbe5-4887-9d86-f3123efa1f70,Spanish language and literature
0a057e0f-1e72-44ef-8f03-b361d40541e3,Accounting and business/Management
ebf59c8e-909c-4021-a48c-8ce29f6033b9,Accounting and business/Management
207cbd69-6166-4a40-a26d-f55b4226380c,Theatre/Theater
de67fc57-eeab-4064-904e-e549e9e777a2,"Sociology, general"
de67fc57-eeab-4064-904e-e549e9e777a2,Food science
c1493cd0-fbe5-4887-9d86-f3123efa1f70,Sustainability studies
f064f2e5-f039-4694-a78d-11c94b2ec9d6,Italian language and literature
c1146518-e1fc-41ff-bb3f-11416d36c076,"Applied mathematics, general"
c2e5b21c-b93f-4473-852b-f9a959754c98,Art
c2e5b21c-b93f-4473-852b-f9a959754c98,French language and literature
f54faa50-ece1-436f-b35a-7dfb0ee2622d,Spanish language and literature
78f994e2-394a-474b-b06c-a735d015f008,"Business administration, management and operations, other"
768b5634-e0d8-4d6e-a13e-1d746847a740,Philosophy
5e45a2aa-08cb-4ade-a9fc-117951370bfd,Accounting and business/Management
b1221e3c-3534-458a-ad26-2f854a1ab874,"Microbiology, general"
2c4a6b6d-68a7-46ae-9db6-6e8048dfa4f6,"Chemistry, general"
973c413d-5bc9-429c-a180-60570a7e7db4,Art
593e4d9d-400f-48f0-964d-503c52a3433c,"History, general"
19be400f-7c1c-4d23-bf80-5b84b8df731e,"History, general"
adaae04d-21c7-4637-9669-c38550fcb4f7,International relations and affairs
aa923028-a493-49f0-bc4c-8165d4c9a922,"Business administration, management and operations, other"
05f46814-c0b5-4f8e-ad8d-bae2d6930ef8,Environmental studies
b2a8ef6d-9e49-4ff1-a6c1-78bad387e12a,"Visual and performing arts, general"
2fb91298-ede3-413a-bf1c-d31dcdf932f9,Playwriting and screenwriting
3fa6cd3b-0ff5-45f9-aaae-0d7dbcca549d,Neuroscience
2bcc5124-4935-4b07-8759-c2011b5e113c,"Sociology, general"
475b92b4-fe04-4009-aa65-159842fe5749,"Psychology, general"
9035aa94-a621-43b0-80e7-b8b7d38fb6e6,Spanish language and literature
b565f0e4-a488-4fc6-b8e4-fc6433269f52,"Public health, general"
b565f0e4-a488-4fc6-b8e4-fc6433269f52,Early childhood and family studies
279f65f2-73ad-4386-b926-3aecaed74c32,Industrial engineering
cca2e175-486a-4af7-9c76-e55e88b280ae,Broadcast journalism
27ef3996-238e-41b4-9d33-77502a8abdce,Applied psychology
8338eb80-6643-4878-aea1-2f993521626e,"Business administration and management, general"
8338eb80-6643-4878-aea1-2f993521626e,Entrepreneurship/Entrepreneurial studies
854bf9c9-1f98-4da2-bf63-f9e2a43173f7,Writing
6bae7c2a-a309-4e96-a399-f8d975fdf682,"Statistics, general"
8b10b89d-6ba3-4e02-8e51-1df788f81118,Spanish language and literature
7f3ce714-cde9-4d25-8aed-9767290464b0,"Medical residency/Fellowship programs, other"
9138157a-9a3c-496c-95b8-7dde7991b519,Forensic psychology
f264a875-db86-4b35-b8d7-e7fc524ab761,"Psychology, general"
6e0ae3a5-173d-4bb2-b602-ec9bee57c8ec,"Art history, criticism and conservation"
d11f825e-4814-4f69-9234-ffed0d3e9d46,"Data science, general"
3e5f397e-6cfe-433b-92ba-d518d1f47218,"Anthropology, other"
3e5f397e-6cfe-433b-92ba-d518d1f47218,Pharmacology
a263185f-e29b-4d1c-b5c5-e548c2e918eb,Music
d6bea799-f3f6-48d1-8c52-6892f303f237,Digital arts
e3eef87d-8db6-4279-9531-df1300518fec,Graphic design
21696b0c-8833-4cca-8489-c32449db9ed1,"Marketing, other"
291fa944-3871-4620-bb77-9956d908f7df,"Music, other"
21696b0c-8833-4cca-8489-c32449db9ed1,Italian studies
806f2430-997a-411e-be64-b2f204278ac8,"Psychology, general"
8713fdab-5b11-4d59-9823-e6b4eea6739b,"Multi-/Interdisciplinary studies, other"
d11f825e-4814-4f69-9234-ffed0d3e9d46,"City/Urban, community, and regional planning"
bfcbfbee-1938-4c92-9505-3fc37b583ede,"Fine/Studio arts, general"
fbc5d032-a21c-4073-a647-1a0f6577a574,International business/Trade/Commerce
37f40d6b-e2f7-4c95-a94c-e1df85ebb5d1,"Art history, criticism and conservation"
3f1a404d-a10a-4aa1-874b-3492bc861c1d,Accounting and business/Management
7d11cd0b-be03-4f12-8a39-15076249f8ac,International relations and affairs
7d11cd0b-be03-4f12-8a39-15076249f8ac,Criminology
967ec6c8-e167-479d-bbc8-8d985741c950,Theatre/Theater
22eb4c30-f8fd-42e0-af87-e005910755a2,Real estate
a72ea618-4641-4390-86e3-94659db85c1d,Spanish language and literature
03050aee-5b26-467c-b461-03507166af4d,French studies
84844f39-6a06-43fa-91b3-103558f71c77,International business/Trade/Commerce
d8d34cf8-d3b5-49bd-a14c-c1f467436233,"General merchandising, sales, and related marketing operations, other"
68cb5a98-5555-4fe9-b727-8cb610924861,"Management information systems, general"
fff6c7df-d2a6-43c5-8249-6d4a7b5e70a0,Journalism
8ee0f4ef-9d62-4a8f-a1be-ef5ba98abaa1,Accounting and business/Management
3df299f6-7fce-47ee-b2a6-629e91e8ea23,"Management information systems, general"
fbc5d032-a21c-4073-a647-1a0f6577a574,"Business administration, management and operations, other"
ba61e9d0-1044-4209-a469-44447ec7c00f,Accounting and business/Management
0ad45530-a75c-4fbd-a08c-3ab86697260f,"Data analytics, general"
720724c2-683d-41bf-b8c1-3b92e72dae13,"Economics, general"
31341c6b-e2f9-4c5a-aa5a-38db387c9da3,Applied/Public sociology
31341c6b-e2f9-4c5a-aa5a-38db387c9da3,Women's studies
720724c2-683d-41bf-b8c1-3b92e72dae13,"Business administration, management and operations, other"
2775a6d9-f0ea-4387-9e90-45ce93a38364,"Communication, general"
b0b41a08-8ac8-4bcc-8bc3-6031ab15fecd,Neuroscience
edae52c3-c6eb-473a-ae53-5eebcae582bb,"Business administration, management and operations, other"
8f67e9d1-b8fd-4c2b-88d0-53175d1e77ee,"Business administration, management and operations, other"
2ed2a681-75a1-4d41-8da7-ea69eb1fd2b2,"Political science and government, general"
f9dd480b-e4de-44c8-b44e-334c09eb8a01,"Education, general"
880c235d-6e07-48f5-9683-9920435a7390,"Marketing/Marketing management, general"
9f43bf79-ab4b-459d-b24a-3255abcc6fd5,French studies
9f43bf79-ab4b-459d-b24a-3255abcc6fd5,"Sociology, general"
0847dfbf-1491-4d09-8ce7-8dfb9ad3f52e,"Mathematics, general"
5fa43c87-54d0-4531-a94c-0b0d90c673d4,"Multi-/Interdisciplinary studies, general"
2385ba0c-cf1f-4fa4-882c-70999b0f9728,Child development
6d0314ad-3035-4d2f-85b1-c90434b958ff,International relations and affairs
d1a532ae-da55-4815-a4d7-c57c16faf14a,"Basic skills and developmental/Remedial education, general"
0b3b746d-2362-4438-bad8-b11d3193d976,"Psychology, general"
a645da14-97e9-4e22-af2a-493d9a9a2717,"Psychology, general"
9e8ae77e-6478-49c0-8f58-64b9eb34e8d0,"Political science and government, general"
7fe6b89c-cf69-406c-ac4c-306abc8cc1d0,Women's studies
cba6f331-5fb2-453a-bf71-907eb8080fca,"Business administration and management, general"
b6e3e215-056b-4ad6-81c9-0d8ce3c433a9,"Data science, general"
8151710e-eac9-4398-a492-de75b66abe1d,"Business/Commerce, general"
8151710e-eac9-4398-a492-de75b66abe1d,"Biology/Biological sciences, general"
efea9e7f-06aa-4991-827d-c6db6c440aa9,French studies
056783c2-b674-4420-a660-7833d042d594,French studies
1f133f2b-3e4f-4ece-b568-6f01fef6651c,Rhetoric and composition
54c9aa34-7349-42f5-a6ee-ab8f60e4c1f3,Environmental studies
ac90d887-a908-42e0-b1e6-8d1603be6eef,Linguistics and anthropology
31ef7828-d142-4250-8504-136b5885f3fc,Sport and fitness administration/Management
a2b10b69-7a4a-42a5-bee6-5188a33a6b52,Conservation biology
2d25994a-3dbe-4b8c-ba53-887d188f965d,Philosophy
cfa93d86-4123-4331-b9d1-97bccaf78011,Entrepreneurship/Entrepreneurial studies
e50d4e27-f59c-4d8c-b1a3-a2e943e32fb0,Accounting and business/Management
2a94fcca-3bb9-4484-bb96-66393e2f292c,Religion/Religious studies
dd2df082-0126-460c-9ba7-fd4b607b6372,Language interpretation and translation
54c9aa34-7349-42f5-a6ee-ab8f60e4c1f3,French language and literature
54c9aa34-7349-42f5-a6ee-ab8f60e4c1f3,Architecture
9a318157-d729-4620-902b-bb24303a81fc,"International business, trade, and tax law"
940bcd0f-03b4-4702-9917-99a204bae30d,Spanish language and literature
d0de80d5-e47a-4ba1-a216-e975d000b645,Environmental/Natural resource economics
def3cf92-37ac-4086-add9-55f4ebe905ba,Electrical and computer engineering
0cebe1d9-12a6-4490-8b5c-47bd6940f1f8,"Education, general"
03287a6d-34a0-43d4-bae5-e2d884b9e652,"Business administration and management, general"
03287a6d-34a0-43d4-bae5-e2d884b9e652,"Hospitality administration/Management, general"
bd0a8425-aed7-4faa-b410-316ad8562e6f,"Communication, general"
1e6a097a-3aab-48e5-8fca-b4d78c02e5ee,"Communication and media studies, other"
d59b4fb9-7035-4dad-b3bd-a0bbe30c13ae,"Drama and dramatics/Theatre arts, general"
bf12613b-ec9d-46db-a6c4-95051feb4e16,"Marketing, other"
988a7d1c-7ab7-481f-9810-26fe19c54a7c,"Marketing, other"
f36886a3-2eb0-471e-b3e5-aa3fbb6e4650,Spanish language and literature
0cebe1d9-12a6-4490-8b5c-47bd6940f1f8,Spanish language and literature
0575e99c-9db6-4659-8657-e42eb5eff849,Digital communication and media/Multimedia
550dda35-45e1-4094-9479-d7b20444466d,Real estate
729bfda2-2eca-4421-aab2-7ca1d91780d1,Human nutrition
d7b02748-a449-41eb-a3d7-b5bdae692c49,"Public policy analysis, general"
bba2855a-9750-4769-b46b-a004a75576df,"Business/Corporate communications, other"
f76b3121-2a0e-40d9-8070-51bb36f6536c,Sustainability studies
6bfcd22b-da81-4427-9147-19776128e21d,Spanish language and literature
ea87c4d0-c699-4aa1-a71c-4e6e05aeb3b3,"Business administration, management and operations, other"
a5ddc98a-0a9e-4cab-a418-9a09cb27dbae,Medical anthropology
ee3ea837-204f-4fce-baaa-a6c823adb719,Art
379917e7-24cc-4b32-b019-a98e30be2d31,"Statistics, general"
379917e7-24cc-4b32-b019-a98e30be2d31,"Biology/Biological sciences, general"
00cfcfaa-7756-4aa9-a094-ee118ccac3b1,"Marketing/Marketing management, general"
7c44d0fe-5e5f-48d0-8a78-9d40d807a8e4,Women's studies
e5d6754b-3b06-44c0-a89a-b7c2930ca735,International business/Trade/Commerce
fa2d3750-323f-45af-94a3-9e81a3349aa1,"Business administration, management and operations, other"
b61faa55-8f39-4f54-8e2f-e891841ad2b6,"Mathematics, general"
0b785839-712e-4a64-8673-c9b7563ff292,Near and middle eastern studies
2fb91298-ede3-413a-bf1c-d31dcdf932f9,Film/Cinema/Media studies
1dabe861-c30b-49fd-be57-4265cb4ebcc4,"City/Urban, community, and regional planning"
65b40068-7c00-4e30-8894-6419a9a32bf9,Social psychology
3200306c-83d7-4e77-b65d-da7c3b8042d7,"Human resources management and services, other"
488ad888-6116-41d2-99e6-7c08c35c1515,Spanish language and literature
f8971925-4c0a-4ff0-a7c9-99e7fa3e6f33,American/Us law/Legal studies/Jurisprudence
324963c0-09ef-4065-a55d-959bf8232339,"Marketing/Marketing management, general"
4ddaaf48-3275-4142-81fd-e769b7c195a3,Cinematography and film/Video production
5bc7e920-7152-4cd7-9012-9ee096db502a,Costume design
55d78cce-b5e5-4e66-bb5d-99780cbec922,"Neurobiology and neurosciences, other"
9b688daa-ff6f-44ec-83c4-7fd664e559b8,
b5f13917-f766-4752-9017-f47e74b85c82,"Psychology, general"
2f76aa0b-87d5-445a-a7b0-4fc728f2513d,Spanish language and literature
2f76aa0b-87d5-445a-a7b0-4fc728f2513d,"Corrections and criminal justice, other"
5e0c5604-a74f-4810-8891-323fbe08d84b,Sports and exercise
9497202c-397f-440b-872e-d023eb7ec3f2,Spanish language and literature
5e951a75-b8fe-4637-bac6-e6ebc63216fe,"Psychology, general"
d3c205c6-3c71-40c8-a814-87099e755bf1,"Marketing/Marketing management, general"
d3c205c6-3c71-40c8-a814-87099e755bf1,"Multi-/Interdisciplinary studies, general"
cacacd37-881c-4bf6-bab2-68e2d1cad752,"Business administration, management and operations, other"
d33729b3-98d5-4a88-81f8-7ac30830bebb,Japanese language and literature
41967c56-fee6-41a8-b6fb-b592ece06a0d,"Fine/Studio arts, general"
6b4beda8-1781-4899-ba2b-0390f94dd301,"Finance, general"
7b39a986-da62-44a7-854b-3a1163ab9d20,"Architectural history and criticism, general"
9c59c83f-3592-495f-96bd-3a271d95751e,Organizational leadership
bfe97b9b-19cf-49fa-92b9-1abf5baf4c05,"Political science and government, general"
cc971b89-dcb4-4406-a06c-bf8c4a3c54c0,"Entrepreneurial and small business operations, other"
f0403a71-7b21-4ed8-b317-23ad72aaf39a,"Marketing/Marketing management, general"
34a589ba-c166-4b7b-867d-3f2e6ff8fcfb,"Marketing/Marketing management, general"
8d8e264f-13e6-4f5e-8395-6e950e9c0ff0,"Data science, general"
8d8e264f-13e6-4f5e-8395-6e950e9c0ff0,Philosophy
890fb599-38c1-4cfe-8480-0afdd781aa9e,"Applied mathematics, other"
00a4cc3d-74a5-4302-a2c5-97742f1b14db,"Corrections and criminal justice, other"
34fb79f6-065a-472b-b513-8cb9e9fae38b,"Public health, general"
01b81f24-6d74-43a8-8cdf-ffba922bcda4,International relations and affairs
8520a415-96eb-420a-8559-a05e1a2df06b,Chinese language and literature
89bc2747-fd73-49c4-8631-a8aa8148903d,Sustainability studies
e373a3e9-b607-401b-9135-d9b45c4aa00c,"Chemistry, general"
aab92959-b5ea-4b07-9a5c-2fb0519e9ffb,"Business administration, management and operations, other"
354a8151-19f7-40bc-8534-61a2f71dd61b,"Business administration, management and operations, other"
e98a6877-065a-40a4-af1e-1e4bc9a11ca4,"Chemistry, general"
e0a3bd97-2807-4dd8-8d9e-56dd85fcb4ff,"Fine/Studio arts, general"
8fef3dba-32a7-4988-8716-79948fc91e6a,"Fine/Studio arts, general"
99c4193e-7cc7-428e-a22f-474b5a4f94c4,"Chemistry, general"
6fb80657-ac93-48fc-8a19-17986318fe8c,Sports communication
3ffa312c-ae11-45aa-93f7-636c360ceea7,Real estate
565e881e-e74a-4f60-af9a-1d94e5bcabf7,Spanish language and literature
c30188e5-9ad8-4abe-8fee-1d6eef36c1a3,"Fine/Studio arts, general"
f4e34d43-a043-40df-88fa-9b7b8051ff72,"Chemistry, general"
ce05eabe-bd51-4c27-b5ac-443932e59c25,French language and literature
5b247ec6-6130-4039-b40e-13d94cb8d23e,"Statistics, general"
ff44cc24-9ee9-46ba-ab4e-58a01c29b9f1,"Fine/Studio arts, general"
2146fe8f-8991-4291-a3d1-f45a3de5e2a3,Hotel/Motel administration/Management
3180b428-7f88-465a-92d2-66151fbcfc37,"English language and literature, general"
67c44dee-813e-4855-bf55-4c4dcb5d6841,"Fine/Studio arts, general"
f12fb535-b243-4854-960b-6845ef6d3b94,"Psychology, general"
838c0b32-7eba-4cbf-aabe-c36dc9747780,"Public health, general"
ca0c77d3-a0e5-44c0-a4db-770fe812fb0b,"Chemistry, general"
e169216c-9dff-4a45-9461-02a62a5f8d4e,Gerontology
e786f392-f36d-41c1-a911-ebdc2e789827,"Psychology, general"
838c0b32-7eba-4cbf-aabe-c36dc9747780,Pharmaceutical sciences
4b03ab61-fa49-4e55-9760-01d729678b21,Architectural design
a30c2680-3c17-42e4-a020-1ec80476763b,Spanish language and literature
420f29c7-f422-4573-925e-7ea9fc002158,Computer science
5e86a1e4-4559-42d5-9d25-b93c69e15ec8,"Psychology, general"
d4bde610-ddf8-44df-8d76-efe7278f8640,Portuguese language and literature
205357e1-0bc5-4e6f-956c-46d044917dee,Legal studies
1f012c17-4612-4953-b9e6-6c27c423090c,Russian language and literature
1f012c17-4612-4953-b9e6-6c27c423090c,Engineering physics/Applied physics
d7a490bf-9b88-4687-b8e7-029921ea4966,"English language and literature, general"
49596019-d51a-46b1-99e0-3e8770817a3e,"Marketing/Marketing management, general"
247cc5e5-20c4-44e1-a3e8-21902219dd6d,"Marketing, other"
605c4d53-95b7-462c-b920-410b13fe8a64,"Marketing, other"
247cc5e5-20c4-44e1-a3e8-21902219dd6d,French language and literature
605c4d53-95b7-462c-b920-410b13fe8a64,French language and literature
54d056b8-63a3-4fe0-8adf-e0663e0bdea8,"Public health, general"
570d7497-0e1f-4694-9528-985aaed91000,"Public health, general"
186bfbac-fee5-4639-a539-2123f7c815c3,Museology/Museum studies
1d564504-80cb-474d-840e-9c3cae25d1ed,International relations and affairs
44142915-45d1-4c85-a36f-b3a2fc2cb9a3,Business analytics
417bbfab-1e29-4428-94dc-125ef237d7f5,"Marketing, other"
d20f7bb9-7984-43c7-b8ad-6c35d7d47e71,Creative writing
ce267a79-7149-47c1-8fc4-77817d979d87,"Finance, general"
dfadd726-2dd3-4d82-afcc-795515c9bdf8,"Management information systems, general"
9b420b03-0a5c-4f54-9e4d-ad152af827a5,American sign language (asl)
9ee47450-20b6-4025-9633-6069c3c94021,"Marketing/Marketing management, general"
45c511f3-7c59-4c4b-8532-05146ef8077c,"Fine/Studio arts, general"
37ff1066-fbdd-4af4-8756-86a2c57f0c73,"Fine/Studio arts, general"
45b76879-4a2f-447b-9d22-4c58b5208f06,"Biology/Biological sciences, general"
dc84f577-206a-49ab-9ffe-1691a8d79e45,Spanish language and literature
dc779bbb-c58a-4b23-940a-0fb5ef967771,"Art history, criticism and conservation"
17731eb3-60e0-4d2b-aab1-62f1246b491e,International/Globalization studies
45c511f3-7c59-4c4b-8532-05146ef8077c,Graphic design
564eeddf-521d-47ca-b453-423e084f5946,"Sociology, general"
a3f078f0-6e8e-482e-93a3-7b58a14930b7,"Business administration and management, general"
a3f078f0-6e8e-482e-93a3-7b58a14930b7,Mathematics and statistics
d70b1f97-4f2a-47e8-9086-262c0eaa0d74,Sustainability studies
d70b1f97-4f2a-47e8-9086-262c0eaa0d74,"Public health, general"
15887eaf-387c-422b-90d3-c539d56653b0,Spanish language and literature
cfd2b7fd-3bc3-4b0b-8612-3b62639b6570,"Political science and government, general"
e3fbe2aa-6f56-4f60-a0e4-77d99dfdb1b4,Music
d94307d7-f440-4966-8aca-4fe146630c90,"Finance, general"
07f94563-051f-49fb-a2bf-151bcefd8c91,"Finance, general"
ebbb3c58-1a13-4eac-a762-e83711493bac,Information technology
ebbb3c58-1a13-4eac-a762-e83711493bac,"Economics, general"
11ffcf9a-1db8-413f-b317-ea2249de5935,"Public health, general"
2557f2a9-7994-4dc4-b95e-8a98dab18a17,Music
c2547148-a143-43e8-bce5-9bce819880b7,"Biology/Biological sciences, general"
d2728e99-b074-4402-9d52-4aad09ddcf51,"Accounting and related services, other"
795c840b-b9d5-4325-ab89-53eed6f48ee4,Forensic science and technology
50da31c4-0b48-42e0-8a95-b6ea97a7e6c3,"Marketing/Marketing management, general"
5b5db648-5204-4509-bdb8-d22599bc8ce9,International relations and affairs
540e9cf3-6f68-48cf-93e7-2814d384ffdb,"Business/Corporate communications, general"
b46e0436-28cd-42be-8a03-8df73a0580ed,Spanish language and literature
20ff0c5a-0a42-4e31-b178-b49b70f93f92,"Classics and classical languages, literatures, and linguistics, general"
c3122c58-73a7-4423-8d26-0de844fbc0c5,"Art history, criticism and conservation"
8bccb588-65df-4d6d-92bc-523659aca7eb,Accounting and business/Management
da3decb5-268b-4fbd-bfff-c0b2bd7ced41,"Business administration, management and operations, other"
72f698d1-cb87-4d08-930b-aa25cb0dca2e,Medical illustration/Medical illustrator
03b1c347-6d6c-46d5-af92-50dd59efff7f,Philosophy
e20b9dc5-9b5a-487e-9f7b-6f13b2fb6bac,Philosophy
79128441-caba-4c1e-8996-652b92e52a9a,Philosophy
d3c4e6e2-30d6-41ec-b2ba-236279529472,"Classical and ancient studies, other"
c6c214d9-e16a-438d-bc7e-69302f76c971,"Fine/Studio arts, general"
bb2a03cc-7578-4ffc-81d5-54181bd56d14,Food science
a96ee91b-6ada-4638-8726-19e3679f99de,Health professions and related programs
5d469b87-0293-45ca-85e0-688ade57054b,"Communication, general"
7619108b-d802-4a46-a1c8-a277e5ebfa3b,"Finance, general"
6e274021-8dd0-467b-8818-499c454dfda1,French language and literature
339beb7b-80c3-48ba-9827-6a0c20d4d5ef,"Business/Commerce, general"
720ae67a-a1ce-4289-8291-0acd1029e65c,Art
b33160ae-ae3e-45ef-bf88-7469e11049cd,"Finance, general"
b7686df9-986b-41be-9a2a-2b8ba8f0e53b,"Art history, criticism and conservation"
dc7f660b-9cb6-4898-8657-87353d92c1ed,Spanish language and literature
a645da14-97e9-4e22-af2a-493d9a9a2717,"Human services, general"
1400b6b5-942e-4aaf-a992-d9a01d5c7dc5,"Economics, general"
931c8df7-5d9a-496a-b1f9-af35347fcbda,Entrepreneurship/Entrepreneurial studies
931c8df7-5d9a-496a-b1f9-af35347fcbda,Political economy
dab24f65-27e3-46e6-ab6f-53e13a5c0ca8,Spanish language and literature
fa8d4ccf-cdc9-46ca-8188-c4b1dd8740f3,"Air force rotc, air science and operations, other"
ae785ade-06b1-460c-b5f5-617bdb30f089,"Management information systems, general"
565e1984-c677-40ca-8a6e-8bc1023fe85c,"Anthropology, general"
66a0e744-96ca-4959-8f53-09889ba463db,Spanish language and literature
31e8b461-77ef-43ee-89cb-70555605e3d9,"English language and literature, general"
7c7a2ebd-f7ed-4e52-a283-889a5a3542f6,Spanish language and literature
3411b2f0-92d5-4fa0-861e-4773acbef345,Criminal justice/Police science
4c18a4f5-dc21-4355-903d-9b94e13cc5b4,"Communication, general"
2fd74fd4-d143-423d-91a1-b3e64d7d16b5,"Psychology, general"
555ade8e-bead-4ed2-8a52-4c3a5714f288,"History, general"
0615c6c9-fd37-4093-8af4-b41550bef5e4,Secondary education and teaching
c20c03eb-2273-4f6c-8031-a6f5060d41e8,Spanish language and literature
b96ade97-456d-45ee-a0ee-50ab4cd45a2c,"Art history, criticism and conservation"
8dca083d-87a7-4274-b8dd-06823592c78d,Film/Cinema/Media studies
9f15b585-e93f-4db2-a935-1e9ffd468204,Criminology
7ee40224-0aed-4cda-b16b-bdc670167367,"Multi-/Interdisciplinary studies, general"
649fac55-bf02-453f-bfc4-80590ee7e1b3,"General merchandising, sales, and related marketing operations, other"
a07846b0-25b5-4fb8-97bd-756f622501be,"Computer and information sciences,  other"
1ffd64b6-1701-4b62-b196-7379325ebc73,Computer science
31b75b61-cd97-4829-9887-b3f918ff0e99,Spanish language and literature
309dadc6-565a-450a-a31f-b8110e2da628,French language and literature
309dadc6-565a-450a-a31f-b8110e2da628,Religion/Religious studies
1e08c303-cfa1-4379-9cc5-e88fd921f490,"Multi-/Interdisciplinary studies, general"
767e1a6e-8670-48f8-be39-1be22f7263b2,"Psychology, general"
19c7890f-d9ee-4d48-b31d-97547991e549,Spanish language and literature
a4e7fb9f-d878-46de-9ae5-e624f6e8b85b,
9562ebea-97be-495a-9732-a83405ffa8bb,Horticultural science
53786f15-e239-413f-93b0-87621fc04d39,"Biology/Biological sciences, general"
04b5bc19-03b9-4039-9706-d41cf1a5fba3,"Political science and government, general"
04b5bc19-03b9-4039-9706-d41cf1a5fba3,Entrepreneurship/Entrepreneurial studies
86c042e9-cc5f-4c86-a3bb-adcd1343ef76,Gerontology
b9c58cbc-3db2-4e58-8ea7-16652cdc8b92,Environmental science
1145db23-f618-4575-ac6a-0abced7c7b26,"English language and literature, general"
1145db23-f618-4575-ac6a-0abced7c7b26,Theology/Theological studies
14978a55-b1f0-4140-a735-e2a62e9711d4,"General merchandising, sales, and related marketing operations, other"
6037f8c7-cd88-42c6-abe7-1608c6cbea9c,French language and literature
2bc98199-7df9-4753-a701-6ff57fd1704e,Legal studies
88c8e162-d226-437c-acca-5178f2ff5bd3,"Business administration, management and operations, other"
343a54c6-de63-4e38-b6a3-a5c542f144b6,"History, general"
343a54c6-de63-4e38-b6a3-a5c542f144b6,Geography
8e17e3a9-368f-4575-995a-aa464eb56f04,"History, general"
8e17e3a9-368f-4575-995a-aa464eb56f04,"Business administration, management and operations, other"
de2a578d-16c2-4edf-8018-36ba4653845f,"Marketing/Marketing management, general"
a7c3dbd7-bdc9-45fd-8f2f-22a966a4cb2c,French language and literature
b8176f95-3ce9-4f39-b683-3311ddc4f4ec,"Marketing, other"
c8683107-c328-4a02-a0a2-c10c4bd09a37,"Marketing, other"
a7c3dbd7-bdc9-45fd-8f2f-22a966a4cb2c,Teaching english as a second or foreign language/Esl language instructor
92099504-c24f-4ca5-8fba-f4b8c9de5a1d,Environmental studies
4c47e6f9-64df-48fa-8623-cbdbbf8c08a4,"Computer and information sciences,  other"
0011ba57-2d46-4668-8c72-1eaf471cb369,Fashion merchandising
625d846d-af20-4015-873d-937c3d5d73dd,"Business administration, management and operations, other"
9ebfcaa4-74ef-4c06-a2b1-da085b59decd,Sports studies
f0a81072-b40f-4333-a2e2-d3f330413c51,Sustainability studies
953ff30c-63f5-4487-9c83-6a5ae032bd08,"Mathematics, general"
d9816325-23ab-4e8d-8ccf-624d050baf3e,"Economics, general"
14f783f0-0eb6-4952-aea5-6862baa02010,Philosophy
758ef00d-6e57-409c-aa5c-11660c5bc0b8,Fashion merchandising
69231256-8118-43d1-b331-715aa2a684ca,Spanish language and literature
1d0fdd94-5bd3-4370-acaa-7ec15c04d36d,Spanish language and literature
4315825b-d3e8-4ebd-8e9d-51e1490182fa,French language and literature
bb48acc7-7a26-46c7-864e-be33643ae320,Accounting
a97adbd2-0b80-47cf-99a4-536f4458bb39,Entrepreneurship/Entrepreneurial studies
9e9e85f7-5a5a-4caf-abb0-aad438e0159b,Business and social skills
1dd06894-70e0-4c65-a9ff-3f89de388d57,"Mathematics, general"
29f9390b-9006-43b4-9bb6-a7a2fe16b985,"Political science and government, general"
82dff749-ea1e-4d0e-a04c-2cf2802adbb1,"English language and literature, general"
1dd06894-70e0-4c65-a9ff-3f89de388d57,"Chemistry, general"
568368d1-fefb-43df-8671-0cf110f326b2,"Marketing/Marketing management, general"
8ca69dd8-84e8-4fc6-8331-846de9baa953,"Psychology, general"
b1462852-3a29-4e43-bcb7-db8080f4a535,International business/Trade/Commerce
637fd8fc-e305-4a5d-b2d5-6d11f9137ef2,"Sociology, general"
1983c902-dddc-422b-94dd-1b713678f60d,International economics
2c5c087a-c54a-4c2e-b731-fe3fbbcf7f66,Music
48b2a053-3fe2-4ec1-94a5-99747da0c40c,"Psychology, general"
bb48acc7-7a26-46c7-864e-be33643ae320,Accounting and business/Management
375af0c0-8d20-4883-b1f5-07c7892a6978,"Political science and government, general"
1ae11dfa-e524-4ef8-b9d9-c25f8f96b41f,Philosophy
5ac3fdf4-31eb-4f33-a1b8-d586eea94f72,"Multi-/Interdisciplinary studies, general"
96c26ada-159a-49c0-a422-8106f0c252f2,"English language and literature, general"
96c26ada-159a-49c0-a422-8106f0c252f2,Business and social skills
44905ede-b08d-4a2a-b8dc-63d9de3b7c8d,Art
54ff3ed9-5998-422b-8d56-39d65d7e7544,"Applied mathematics, general"
97af5e70-d2e3-40fe-adba-4acd53afb561,"Political science and government, general"
da6a9427-a6e1-424b-9c52-86fc8eb58d58,"Marketing, other"
89658bd6-c520-4469-b595-56e7b2772e86,"Business administration, management and operations, other"
006df623-2ef5-4736-bf7e-236372b8606d,"Physics, general"
006df623-2ef5-4736-bf7e-236372b8606d,Urban studies/Affairs
720dcd5f-ccee-424e-8643-fe5e4a54b85e,"Marketing/Marketing management, general"
c7899b56-1f7d-4e41-805a-9e8c0ec719fb,"Mathematics, general"
c7899b56-1f7d-4e41-805a-9e8c0ec719fb,"Classical and ancient studies, other"
6a9e85f1-70ee-4874-9080-326aaf370ef1,Spanish language and literature
dc1c1f9f-f6a5-4da5-9165-7146072782ef,Spanish language and literature
7cc8f038-b553-4115-add4-ac8520cf059b,Business analytics
7cc8f038-b553-4115-add4-ac8520cf059b,"Economics, general"
c30fe0ac-7ed7-41df-9ba2-e3746b86f5f0,Religion/Religious studies
aa9d49de-d2df-483d-b774-4db90ad26bbb,Italian language and literature
e6610d0f-1716-457d-9536-3088ca2a11c9,Computer science
e6610d0f-1716-457d-9536-3088ca2a11c9,Gay/Lesbian studies
03c8b926-6236-484d-8c48-169c862fd3b7,"Marketing/Marketing management, general"
ead437b7-d3e2-4b48-9695-433cabad63aa,
ead437b7-d3e2-4b48-9695-433cabad63aa,"Political science and government, general"
92d22e0a-7b77-46e5-8053-458a3bafbe46,Ancient studies/Civilization
6a015f2c-fefb-4927-942f-527e68d173db,Real estate
2920284e-014b-4d9c-b65d-8da8b51c4295,"English language and literature, general"
bdaa6bf9-1303-4fb6-acc4-7139e617f922,Accounting
7c733060-a459-4d79-8454-afb35e51b97f,"Psychology, general"
5d9b88ae-8c2a-4e9a-9545-69d32e7f7d4a,Spanish language and literature
bdb66b57-3f5a-49a9-9b7e-41664346d4dd,"Fine/Studio arts, general"
c472630b-6f56-4e6f-997b-419a453f2294,"Psychology, general"
66d96c72-9d79-4175-8eb9-fc0e4e34bcc0,Music
fb4e35ff-2b7f-4d0f-a793-1efb97983b20,Accounting and finance
cc80bd82-ccbf-4d3e-b1ea-5882426c0615,Creative writing
9ca61190-ed71-4e23-8fd9-508d7a48c7c9,Linguistics
ab01f912-5f0e-4d91-a9cc-3697f0f94580,"Psychology, general"
3ede1dad-ebe3-4dbb-962e-4a70eff340a3,Legal studies
e2739437-0569-45be-bc68-1561f2887ca7,"Fine/Studio arts, general"
0207597d-6b2e-4f78-8ef1-b0f2a38e7fd0,"Psychology, general"
4eb44c4f-cad6-497e-8fec-b31b9a7cddd7,"Finance, general"
14016cc1-e9ce-4bfd-996b-760f2f55b3a1,"Psychology, general"
0ff1d0bd-565c-44ec-9357-f45894a376f0,German studies
0ff1d0bd-565c-44ec-9357-f45894a376f0,"Political science and government, general"
bdb1b1a5-ac8b-4550-b0eb-77eacc925152,"Communication and media studies, other"
f2c92031-535e-4833-950a-bab388335d6e,Personality psychology
b1e014a9-ad70-4ae8-8135-becf5d0ef28d,"Fine/Studio arts, general"
b3206452-00b8-48d3-97aa-2e2059cadf25,"Fine/Studio arts, general"
a051f9ff-b2c3-48a4-872e-22e9aeb5e720,"Fine/Studio arts, general"
72a5aa0c-0c6f-4540-9b9e-2ea89303abb5,"Education, general"
27adcba2-0396-479b-a6d5-60fba8dcba35,"Marketing/Marketing management, general"
b1e014a9-ad70-4ae8-8135-becf5d0ef28d,Fashion merchandising
b3206452-00b8-48d3-97aa-2e2059cadf25,Fashion merchandising
a051f9ff-b2c3-48a4-872e-22e9aeb5e720,Fashion merchandising
065bf226-3859-4550-8eaa-19d176f9dcf6,"Sociology, general"
bd5f9a8e-146f-41c3-b17d-ec1daa65cbf4,Theatre/Theater
d51e64ad-595d-4286-8bda-1bd612bd486d,Spanish language and literature
d5e3e54c-3137-42a5-8b1e-d8ed6caf4a63,Accounting
bb81e285-2957-43af-8ce5-8f6d74f3af35,Accounting
3c8f09cf-0f6a-4088-ab07-1f6e0b5eb3c7,"Business administration, management and operations, other"
3c8f09cf-0f6a-4088-ab07-1f6e0b5eb3c7,"Biology/Biological sciences, general"
c411572f-6acc-46d5-84f7-7b9453987c9d,International business/Trade/Commerce
7dc4dcc5-1d87-49ed-8653-977cec895cb9,Entrepreneurship/Entrepreneurial studies
ca022537-f708-4fb6-858b-2e02d9b8dc68,"Marketing/Marketing management, general"
ddbf2f64-e1a9-4337-8785-6f2e9884ed71,French studies
f568d60b-d5fb-40f3-b614-ba96f41dfe44,French studies
471176d1-ee0a-4e81-b894-2ae851839d74,"Economics, general"
af00f38a-7a0a-40e7-894e-8b34fb2f8d21,"Economics, general"
ee748297-6bcf-4886-9ca0-a5924e9d05c4,"Psychology, general"
988e4948-ec69-4ee0-892f-459bddeaab49,
d749930b-2246-47bc-abc9-e1f91cc2a44c,Accounting and computer science
6f905e89-fe2a-4adf-85bb-62416e3b02ee,"Business administration, management and operations, other"
b491551a-f2ad-4b03-8b79-a90e26aabb17,"Marketing/Marketing management, general"
6182f258-a188-49ca-b1ea-6e15b67b5307,"History, general"
720581c4-42ce-4b50-bf0d-f6fe5573521b,"Business, management, marketing, and related support services, other"
a0718d37-60cb-4df9-9e11-f481ea0c7823,"Psychology, general"
951d3fe1-6631-4054-b253-e2f1691adea3,Food science
dba1e7bb-f525-49b2-b772-51713540bc5d,"Chemistry, general"
dba1e7bb-f525-49b2-b772-51713540bc5d,"Biology/Biological sciences, general"
6a88fcdb-cd30-4899-b885-ad0957a222c4,
db98e6e3-bbb7-404a-a884-906d03c81909,"History, general"
c3369c6f-6811-4c94-851d-3092f5a5aebf,"Applied statistics, general"
c3369c6f-6811-4c94-851d-3092f5a5aebf,Neuroscience
910203ab-399b-452b-ae7b-2455c02e4b2f,"Economics, general"
8eab9694-8a3d-4b2f-af28-e6fc8bf5d326,
910203ab-399b-452b-ae7b-2455c02e4b2f,
44fcfe28-bfb1-4dc4-8cb3-90c4f6e603be,"Marketing/Marketing management, general"
c3369c6f-6811-4c94-851d-3092f5a5aebf,"Dance, general"
4355560b-e124-4186-8024-3f328e95aa49,"Multi-/Interdisciplinary studies, general"
dbe8cbe2-8035-4a13-9a31-a1b5050924c3,"English language and literature, general"
dbe8cbe2-8035-4a13-9a31-a1b5050924c3,"History, general"
bb4d3855-285b-4e48-bdd3-bf5e6293aa56,French language and literature
7b123d57-d179-4d63-b4f6-e352f56df8f5,Spanish language and literature
f769a97e-e562-47e5-8a63-5edaefd2001c,"Sociology, general"
62a9677b-1318-47ab-b077-23bfd08a49fb,
3c0e47b4-e44f-41b7-8100-fdf61aa3b5d7,
26c7b133-01f8-43c1-822c-15cac45a082a,"Mathematics, general"
b90417ba-67b9-4708-9247-bf8bc8fae034,"Psychology, general"
246dc3e9-4dc9-4e5c-8956-c0adfeddaaf1,
87d88c40-3336-467b-8e16-9a5416387afe,"Fine/Studio arts, general"
8b563509-de12-4a5c-9e5c-d0cababe438b,"Data science, general"
d657ab9e-695a-4bae-972c-7214bc86501d,"Education, general"
0f03400c-b553-45ef-be9f-ce74a2d5cadc,
9c5b8b39-ee4a-4040-8f4e-abeb3fc5f80e,"Biology/Biological sciences, general"
0b2528a7-7d9e-4b1c-9222-cc5e8a990bf8,"Public health, general"
cb80c5f1-c355-46f5-a23d-5a5db26e048d,"Multi-/Interdisciplinary studies, general"
72b29eaa-3973-4034-8f32-db2e3ead73bb,Women's studies
688d3d37-447f-48ef-8843-bd9a85483e2d,"Education, general"
f7d2a168-cd88-45eb-93f2-32819738e380,Electrical and electronics engineering
362fc922-7b5d-449a-bf6a-9facd4e9cebf,Spanish language and literature
cf90b275-0dba-483d-9b97-f3e19ac60894,"City/Urban, community, and regional planning"
1f6efa66-4182-4990-81d5-c9b0eca28554,"Fine/Studio arts, general"
7608f589-dff2-442f-80b3-2c64d21937ea,"Multi-/Interdisciplinary studies, general"
87b59f21-582d-4ff9-954a-0b6ed4181269,"International business, trade, and tax law"
741fcb85-5478-48b3-896c-64fa95ebdcaa,"Fine/Studio arts, general"
ba4034b8-2673-47a9-84ca-6d69bc2268f8,"Biology/Biological sciences, general"
6d28ff54-2d99-445e-91ad-09a1a74eb345,"Marketing/Marketing management, general"
237d2120-0a8b-49e0-8864-44569aafcaac,
e3e4f81b-9f5c-4652-b75b-531c5ac37663,Philosophy
c6489d5a-b98c-428e-9fe7-d32ad9abc726,Spanish language and literature
2923db75-77d8-4dcd-a2ff-3d0de36c5b6e,Spanish language and literature
07a55e20-3287-4230-a741-5c1847f5f5e5,Spanish language and literature
04164cba-b329-47da-919e-f281d0a23e34,Honors/Regents high school/Secondary diploma program
bc32588e-8251-45d0-abb1-634b03c6a8e4,"Marketing/Marketing management, general"
da65aabf-4caa-46e8-a7e7-30287ae01c93,Creative writing
17f93f9e-b4ed-47d6-a0aa-77b43dc54902,Spanish language and literature
bfbcbaed-90a8-442e-8398-2e091fadf08d,"Fine/Studio arts, general"
e759727e-aa8a-4b82-b3d4-d7062a7d148e,International business/Trade/Commerce
eb9b8c77-a38c-40fe-bb6e-75b26c91593b,Archeology
eb9b8c77-a38c-40fe-bb6e-75b26c91593b,"Biology/Biological sciences, general"
eb9b8c77-a38c-40fe-bb6e-75b26c91593b,American indian/Native american studies
9d7dc5bc-59eb-4909-8d96-e749856cf4be,"Corrections and criminal justice, other"
9d7dc5bc-59eb-4909-8d96-e749856cf4be,"Intelligence, general"
97b5bbd7-5386-4773-94b4-f3db6068e931,"Entrepreneurial and small business operations, other"
982b1d1b-ab3f-41cc-a420-b0da7cc4c43e,Music
982b1d1b-ab3f-41cc-a420-b0da7cc4c43e,Theatre/Theater
c84846ca-8ef6-4da5-a7c7-bd07d9d66fb0,Film/Cinema/Media studies
53b69708-f972-4ad4-a0f6-9636cfcba1b0,Sustainability studies
58da5aee-efbf-4184-8dc5-ac9424778cfc,American government and politics (united states)
3e97d7d5-6899-4441-863a-7afbe18ff191,"Multi-/Interdisciplinary studies, general"
8891d16f-55d6-4ca1-9336-6c9f50dadfcd,Chinese language and literature
850acfbc-fe35-4351-b202-5691d254396e,"Psychology, general"
21eaec8e-596d-439c-9dfd-234af92f7196,International business/Trade/Commerce
d3a713f2-3010-43fe-84eb-bdf6f9dcc311,International business/Trade/Commerce
91c8e3fa-68c9-4e14-8e9e-354c99153341,Film/Cinema/Media studies
66a72d65-e097-4be1-a413-e7ab518bfaff,"Business administration, management and operations, other"
c5438399-c6cf-4a1d-ac0d-5a802a2444e2,"Business administration, management and operations, other"
91c8e3fa-68c9-4e14-8e9e-354c99153341,Women's studies
c3d135bc-5799-4843-8db3-c7e47105341e,International relations and affairs
8577d70a-aba6-4fb9-ab06-e03895352023,International relations and affairs
01557006-b747-4495-8391-b2d6f74adf72,Health/Health care administration/Management
a81bb6b5-d39d-4a8a-a225-eea4df4bfe3a,"History, general"
95d5fe4d-0568-4f6c-acac-ba821365d385,"Ethnic, cultural minority, gender, and group studies, other"
a85a9910-9273-4c17-b318-2870d403b4b5,Sustainability studies
f8cc230d-006d-4c19-859c-450040c50e24,"Philosophy, politics, and economics"
c3a189d7-f391-4210-928e-378bf009717a,Selling skills and sales operations
60509e9d-00a0-4eac-b966-9f03d99e6252,Health professions and related programs
884c8124-9592-4297-8c82-4fd42554c871,Criminal justice/Law enforcement administration
3a2c29b8-e1ba-47e5-bcce-3aa77faba0b2,"Marketing/Marketing management, general"
c4fc231d-9095-4f56-89d6-b80dfe36d0ce,"Psychology, general"
cf90b275-0dba-483d-9b97-f3e19ac60894,Philosophy
fe06d65c-d22c-4b87-8673-16d04631df57,French language and literature
5c8b1d64-f97d-45c1-9a11-88b5d89037d0,"Psychology, general"
af464fb8-920d-4514-a3b3-33e76d4b2327,"Fine/Studio arts, general"
29c8eba5-9a0c-4722-846e-5e5e4c27b0b3,"History, other"
2c8d9d4e-85c7-4852-81b8-bbc95d99641f,Cyber/Computer forensics and counterterrorism
4d29ab7a-bb05-4da6-b552-b23e9535235f,Spanish language and literature
9c19e1ac-7942-4efb-a4ca-5fb39f4be872,"Psychology, general"
e763704e-167d-409b-9499-8bad9aca5536,"Business, management, marketing, and related support services, other"
8ecce0db-fced-4318-88e7-96c3d774fc28,French language and literature
f28482a6-ea17-4147-875f-364c293f6630,Photography
6290a8e5-4564-4d13-9a8b-64d8468a8705,Advertising
3eabfd41-120d-4950-92e7-ef60c089d5a8,French language and literature
3eabfd41-120d-4950-92e7-ef60c089d5a8,Environmental studies
3eabfd41-120d-4950-92e7-ef60c089d5a8,Political communication
dcd4840b-68f7-40b7-840c-820a4a962136,"Biology/Biological sciences, general"
388c92e9-df66-4c07-9f77-0bd2a1a216b0,Arabic language and literature
b24dc51f-c5df-45f7-ae9e-3ed33e2c1d4b,
34f9f445-ea0b-46a6-be9e-6bad370f1c3b,
1ca01f5f-55bc-43d6-be6c-179ebda2206e,Exercise physiology and kinesiology
f0729786-b336-4414-b038-e178fe824f4a,"Biology/Biological sciences, general"
9a117e2d-5d72-4908-bfe6-9035cd1b304a,"Biology/Biological sciences, general"
bf5fef33-b1df-4d7d-8f27-f56dac86e150,
88040ca3-ebf8-47dc-ae29-e36d718e1efe,"Multi-/Interdisciplinary studies, general"
98e11736-70d3-431e-b114-38e3eaa9d099,Secondary education and teaching
00ddae93-a851-462f-b87b-a9140166067c,"Psychology, general"
71432c2c-409d-435f-a7a5-e4734d531ac6,"Computer and information sciences,  other"
a7943c65-3194-406a-9537-9a690ea8cfd8,"Marketing, other"
5deba096-94fd-4538-aedc-e657bc47f0e5,"Marketing/Marketing management, general"
b878fdb5-e815-4954-82f7-8c13e5966389,Spanish language and literature
75fb84ab-ef17-4a35-8289-5f1c75353d48,"Business administration, management and operations, other"
54940af0-3211-4fc1-8977-617c8257501c,"Business administration, management and operations, other"
caf56739-72e7-4e11-bfcf-a4132ae54d13,Spanish language and literature
58e272eb-5d55-4cde-a4a8-32d9fa3cff9e,"Finance, general"
8678bbdd-f2b7-4260-ad03-854087078286,"Data science, general"
e88582da-3846-4ebc-a09b-d210073c2e5f,"Finance, general"
9bddee78-e901-4352-863b-74e4dfcf12d3,Spanish language teacher education
602df7f6-0b3f-4837-a6be-113eab5c6400,
c88b50e5-8df9-4c54-8933-89a34e59c4bf,"Communication, general"
d90292f1-c254-4743-a2dd-495a44512d60,Journalism
468dd0ea-c362-4dfd-9b92-8d0e2ec56ecf,"Business administration and management, general"
a6020ca2-905b-4354-a79b-4aeacd0de171,Sustainability studies
a6020ca2-905b-4354-a79b-4aeacd0de171,Environmental science
ce4ee939-c85c-4841-bd34-289003fa7c3c,"Mathematics, general"
00e2474d-919d-457d-9efa-3fb5b0669559,Spanish language and literature
302be9d1-237e-4e31-b308-4fff1e2fa97b,Architectural design
f05c84e8-7f1d-41d2-bf90-16be6314e7d8,Architectural design
87dca9a9-984b-4382-9a48-e5a5a9a13cf9,Legal studies
87dca9a9-984b-4382-9a48-e5a5a9a13cf9,"Area, ethnic, cultural, gender, and group studies, other"
5553cc56-d9e6-4d6e-8398-fa7407b3e56e,Spanish language and literature
91b973be-8fbd-4440-95b7-d3055ab60fcb,"Mathematics, general"
308d7bf6-d4a5-42a5-89f2-c85b872ce221,Creative writing
bbff7ab6-dd6a-492f-992a-01bc95a2e628,"History, general"
5553cc56-d9e6-4d6e-8398-fa7407b3e56e,Philosophy
4c12155c-1e13-4d63-9768-1a8cc0bda4ea,"Marketing/Marketing management, general"
893d6625-7b99-4128-ac5c-b57b19c13e39,"Psychology, general"
d39db09c-f024-4fd0-9b1f-4ad4be58e116,Geographic information science and cartography
162c5cc9-650d-4b35-991c-3abdacdfb410,"Business administration and management, general"
5a3647db-f038-497f-82f2-220f1a8dc2dc,Advertising
b0c39cd1-4f1d-480d-9ebb-b3bec47a50fb,Spanish language and literature
b0c39cd1-4f1d-480d-9ebb-b3bec47a50fb,Museology/Museum studies
4c30e3b8-375e-4be9-89e3-8d78dd134a12,Philosophy
f5c2e36a-8e0b-4a1a-8178-16494765fac7,"Psychology, general"
28ee1ced-b2e9-420c-9a08-5df884f0044d,Spanish language and literature
c33e18b2-3e5d-4819-9358-ebb304c2ea39,Health professions and related programs
a6ce8495-5ad0-4090-8f72-dca22e99df82,"Educational leadership and administration, general"
26dbda56-e227-499c-9e6a-a2b6c823e411,Accounting
ad65f4e6-6b50-41d2-b1ec-434f6e02bdd1,Legal studies
3a3a31e7-fa8d-4517-8c62-ed8d886e3b59,Advertising
401dd87f-88f4-4dcc-8718-32975505985d,
883b59db-69b4-49e2-b405-df4a58a90836,"Hospitality administration/Management, general"
fbdede38-5262-4206-8a02-13e7a8ddc2c0,"Entrepreneurial and small business operations, other"
fbdede38-5262-4206-8a02-13e7a8ddc2c0,"Business administration and management, general"
df3f97f0-82d4-4d10-a1b0-d4095aede64b,Spanish language and literature
11ddbd9f-e0c6-4db3-b063-42ad7e6c4b87,International relations and affairs
8aa94a8b-4597-4b6e-b7b2-4cf4aca05df1,Geography
b8c61cb8-490e-4567-98dd-cddf60a862c0,"Management information systems and services, other"
947b041c-4437-41bf-a9c0-afd21c0bb8d4,"Accounting and related services, other"
5c6a3317-a88e-409c-a40f-cc8a0e0ec3e3,"Corrections and criminal justice, other"
4df25774-be77-49da-86ce-e170c4a853d1,"Economics, general"
4df25774-be77-49da-86ce-e170c4a853d1,"Public health, general"
2358abb1-694f-4731-bc2f-c58d9c0a0357,"Finance, general"
6a6ffd51-18a3-42cf-b9ae-3d24db1f1aa3,Health communication
32ee6410-7865-4d72-b76c-43f6f329bcd4,Geography
bce2508b-bccc-4047-b666-4d02e67e4371,"Psychology, general"
132111f9-8977-4977-8b97-af4954fea8db,"Business administration and management, general"
a3f95b41-cbf5-4150-9c86-d2023507cc3c,"Business administration and management, general"
d2a08114-21c8-4fce-93c7-3d24524cbc86,"Computer and information sciences and support services, other"
1d3805aa-d9c3-4684-a424-5714a08f8bfc,Spanish language and literature
50b26da7-9aeb-4edb-afe3-c3c31a500440,"Marketing/Marketing management, general"
9068b95d-2c04-43c2-ad71-e9eecfe9b399,Spanish language and literature
78aef7bf-6b7a-48cb-8794-e54ab99fb800,French language and literature
bc5f745c-7dab-431c-b47a-05f358f06a1d,Spanish language and literature
d7e572c2-2a2a-48c4-b77a-7beb9b4601f8,"Biology/Biological sciences, general"
b0a4bd49-b30a-4160-96cd-3a7de22ea7d8,Spanish language and literature
b0a4bd49-b30a-4160-96cd-3a7de22ea7d8,Manufacturing engineering
b4022e3c-4acc-4d53-8193-9ed5f4e04c54,Mathematics teacher education
8d184e1e-43bd-43af-8e43-00a1e1f0dbc1,"Sociology, other"
43e04fbd-80ff-4733-a829-230aa6a6361b,Disability studies
02d124a7-d40c-41d5-aee6-2be2e548c6e2,Human nutrition
50efa327-66f6-4a9a-adc4-9aea50d07179,Museology/Museum studies
c9007155-593e-424c-919d-1704a574ef6c,"Finance, general"
c9007155-593e-424c-919d-1704a574ef6c,Selling skills and sales operations
be16f44c-6755-48c1-876e-14ffb363b101,"Communication, general"
a0dafb0b-1024-4b39-8272-92f1bd309b66,Computer and information systems security/Auditing/Information assurance
f6335cd3-6f44-43d6-a0ae-c84111fe62c3,Computer and information systems security/Auditing/Information assurance
1385fa5b-2c31-43c3-bd17-439bab3ce185,Spanish language and literature
54dc4cd7-37cd-4aea-85cb-da437992d8f4,"Business administration and management, general"
8581a606-188b-43ac-8854-fc6ce13bd609,"Education, general"
ae9e75e6-1205-4a5b-b77d-0168fc933ea2,American sign language (asl)
6585448a-d59f-4017-bb14-d902cde296c6,Accounting
dfdcf1c0-0ec0-4945-9692-6c81a90fbff0,"Biology/Biological sciences, general"
65f40d1c-5b9b-4b63-a1e7-b93f534576ad,Spanish language and literature
65f40d1c-5b9b-4b63-a1e7-b93f534576ad,"English language and literature, general"
bf632621-f22b-444e-9577-b9e2ff33a618,Entrepreneurship/Entrepreneurial studies
6a05eec9-def7-4e67-b3f4-3b4b1cff1b4c,Early childhood education and teaching
d9680f76-438b-4dab-94a6-cee1ac3c3a14,"Computer and information sciences,  other"
73bac1f6-30cf-4d67-8b15-547bd225eb5f,Health professions and related programs
fa6d0972-d0e8-4c83-9292-ec117f696579,Agroecology and sustainable agriculture
910a5ee0-fa2b-44a6-b15a-bd596fb39a3a,French language and literature
50cd7dc2-f647-4c44-8e13-e07480ad4d9d,Spanish language and literature
917a4d43-b711-497a-937c-d5790249764f,"Communication, general"
929dfa4f-3af4-4c34-ad1d-842958e43793,Spanish language and literature
dda21a74-6205-41b4-a85f-40cd8f382fc1,Spanish language and literature
59dcd201-f46a-43ec-9a25-a2a91ef5756b,3-d modeling and design technology/Technician
c7efd353-21f3-49cb-becb-2ffa604f8323,"Art history, criticism and conservation"
27c809f0-b833-42c1-a2ab-65cfbfee0731,Spanish language and literature
54b241b6-1aee-4f2f-bd26-c8941cfcf712,"Business administration and management, general"
99cdc9ed-175d-4368-8ba3-a158536b1a08,Fashion/Apparel design
8dfe73af-ecc7-434f-b7f9-3f3cc03f6bea,Business and innovation/Entrepreneurship teacher education
45ec47f1-913f-47be-8183-7bde4ae0589b,"Business, management, marketing, and related support services, other"
a1c8588e-dc8e-4794-bbb6-c0d5f2e229b6,Fashion/Apparel design
bff5dd60-3bc6-464b-be82-bbf99e462527,Critical care nursing
73834503-a679-4d3f-8b27-b33f0b6afa9b,"Management information systems, general"
8b781b38-d172-416f-810a-a71191a9e3d6,"History, general"
1bc6b2d6-ea9e-4bcf-b2b1-a81993b5647f,
518b953e-a0be-474c-ac28-6ed8aa8a7c95,"Public health, general"
f1ac4cec-79dc-488d-9ea2-ab239515e8e0,"Business administration, management and operations, other"
d71cf528-2cd8-4828-b5e3-da295da00ae0,Spanish language and literature
ac555801-f43c-4fe4-be5d-9a8aeb649275,Community organization and advocacy
30a4d3cb-6890-402e-8204-b93ca6307971,Community organization and advocacy
269680f5-7430-4373-a941-ab4259d9c1dd,"Human development and family studies, general"
5590d4f2-dd56-49b3-a736-a6f90f5c153c,Accounting
bcff6c1e-281f-441f-92ce-98101913af14,Chinese language and literature
dc10957e-d60e-49d1-a6f8-b39d1fa5dbaf,Project management
b6885c7a-0935-4e3c-bd88-4f6a0eb60e65,Spanish language and literature
e1958cee-fbe6-45dd-9ef1-9d2a957bd48f,American sign language (asl)
2caec1c6-461b-48e4-84a2-4d01745b1ae7,"Economics, general"
b6b65e5c-b2a7-4749-992a-06c77a341ce9,"Chemistry, general"
b6b65e5c-b2a7-4749-992a-06c77a341ce9,Film/Cinema/Media studies
fabf29a5-7b4d-4aa8-869d-fca323dd5e13,Spanish language and literature
7cf0b6f2-512d-4ad7-aab0-afb81a243ab9,"Business administration and management, general"
9bcd0b52-1a9d-4a65-9711-933bbd3e46eb,Spanish language and literature
ba49cb93-8e68-49f7-b6bf-d451edfb2fd0,"Business administration, management and operations, other"
c9e3b6ff-5bc9-49b1-b225-9c9e7a507a3c,"Marketing/Marketing management, general"
7425f5dd-6894-4a84-abb5-3fc8de0eb93f,"Marketing/Marketing management, general"
2de48426-6004-43e9-a1ad-060477e3d9ad,Spanish language and literature
8b763e49-3e12-4662-b30c-84d25c837b73,International relations and affairs
c88651b0-a68d-4391-9078-d11171225682,"Psychology, general"
a5ac207b-c98d-4936-abbf-71b4730b8b4d,"Psychology, general"
4b19c01f-28fd-494e-8af6-f982e6471d76,"Psychology, general"
be511edd-98bd-41fb-b087-13bd22c9ef94,"Computer and information sciences, general"
57d94164-1364-4b82-ad37-16b1fba6520b,Spanish language and literature
0395cf43-92e9-4986-a485-15d09cae2718,"Rhetoric and composition/Writing studies, other"
d6c391aa-2e8f-42e2-9198-67b28851bfa3,"Aeronautics/Aviation/Aerospace science and technology, general"
0395cf43-92e9-4986-a485-15d09cae2718,Geography
79697a31-4d9d-467c-93bc-9e03900c51b4,Language interpretation and translation
db369ea3-74e2-45f1-a22d-bf478ec4a89b,Creative writing
184aacb7-337c-44be-a3ef-da7bf55e1bd3,"Fine/Studio arts, general"
e7394488-47e3-4987-a5c1-f86d54abd3a7,Spanish language and literature
96e1b5b7-bd9b-4ce2-b99e-fca9872ffa08,International business/Trade/Commerce
9e3f05d8-ec2d-4efd-bfeb-081411fc9cf9,"Business administration and management, general"
9e3f05d8-ec2d-4efd-bfeb-081411fc9cf9,Sports communication
9e3f05d8-ec2d-4efd-bfeb-081411fc9cf9,"Arts, entertainment, and media management, general"
d3a095d8-d0a8-446b-aa15-834c513c7198,"Computer/Information technology services administration and management, other"
d96ade1e-1a02-4002-ad67-d06d4f4a315b,
1d564504-80cb-474d-840e-9c3cae25d1ed,"Political science and government, general"
828a90a2-13a1-4cf0-94d7-713eb56778c1,Spanish language and literature
5ec3c108-a419-4362-aa3f-d52fc19c70d3,Theatre/Theater
1aee72dd-8578-4280-80a5-ffbe2ee5273b,"Marketing/Marketing management, general"
bab331b1-a76d-4e89-85f1-567c7fd7a8e5,"Marketing/Marketing management, general"
d9fd220b-6d95-47b8-ba47-c61a5082c69d,Spanish language and literature
c90c1141-bda4-4d02-b86b-3334ee643aa8,American/Us law/Legal studies/Jurisprudence
8de4c2fe-7185-49c8-9367-6123a7f5e260,Music
19c6b521-5084-4d89-a13d-4cf3c8ab1a01,"English language and literature, general"
0d597fb4-c2f7-4743-a92f-4ef30a01b84c,"Accounting and related services, other"
da65cdfd-afd6-4463-af20-bce822aff0f0,"Accounting and related services, other"
a85b6036-fcb9-4502-b5d4-02e0cddd580a,"Fine/Studio arts, general"
9e34c915-1fd5-4c55-8e9f-da56d4caae3f,"History, general"
7914c506-22be-4d59-9f53-cd6bf1a01003,
a606787d-8487-4026-b573-aef93f4148c4,Secondary education and teaching
f778c893-e882-403b-a05a-4ca14e4c343a,Spanish language and literature
1ce5733b-12d2-4913-8465-93bd723683f1,German language and literature
96cde550-d76b-41a5-8e1e-e6645d450b59,Biochemistry and molecular biology
91277bb4-8e84-4f16-825c-d36c58c4f926,Spanish language and literature
352769a6-8f14-44a1-941b-f6aefe1c4238,"Economics, general"
352769a6-8f14-44a1-941b-f6aefe1c4238,"Communication, general"
be387622-7a27-41fb-a658-de5a64b20aed,International business/Trade/Commerce
e6dd4d40-c467-4394-bc13-8079fbd03f6c,Neuroscience
0fdacc0a-4d24-4134-8d1f-811abd81bd75,Spanish language and literature
6246c73f-17c2-444f-816c-ec3066168cd1,"Business administration, management and operations, other"
b44d655d-a3a9-441f-92d3-8917f655f5dc,Environmental studies
32529d8a-ba7a-4a83-85e2-f937de4d029c,"Fine/Studio arts, general"
7d1c9db9-e590-4f3a-830b-8169344bcc43,"Fine/Studio arts, general"
32529d8a-ba7a-4a83-85e2-f937de4d029c,Philosophy
7d1c9db9-e590-4f3a-830b-8169344bcc43,Philosophy
87c1f055-a794-4341-9a4d-04df4ff2f025,"Business administration and management, general"
45b978d6-12bf-428f-ad7a-40a90d3d26cc,"Psychology, general"
dfdf0832-ec03-4725-9d26-4866d9cdb4e6,Child development
2919c901-58f0-42fd-a000-f62b3c2f88bd,Clinical nutrition/Nutritionist
b7ffa151-42d1-4d3f-a696-c9d397b431d7,Digital communication and media/Multimedia
a6ee9b18-677c-4a8b-bd75-5fa13447ed48,Computer science
a2ee1c43-f4fb-4ba6-8eaf-2dd1f2510d88,Real estate
224ca431-94f1-4224-b833-76e1e1ec5922,Peace studies and conflict resolution
396bc35e-3f48-41f5-9d77-05b177bd7697,"Public health, other"
396bc35e-3f48-41f5-9d77-05b177bd7697,"Business administration and management, general"
d0f6e1c1-cd14-49d0-acc6-c15b8cfabccf,"Business administration, management and operations, other"
b8436e9f-164c-4091-9586-66d334f0f38e,"Psychology, general"
252312c1-feef-40c7-9cf0-1a956e0673fa,Accounting
47ac3575-dce2-4bfa-af0c-4457b712468f,"Communication, general"
e3e82623-9aa1-4bc5-8517-48fb850d6d02,"Fine/Studio arts, general"
24c49a85-e7ec-4e0b-8ff2-9cf39fea1d7e,"Marketing/Marketing management, general"
c00acf74-b127-4b9d-b9f6-3993e96c00b2,"Psychology, general"
0083707e-6e2d-4234-8b42-b7858db37250,"History, general"
ee07bbd2-1bc5-4847-b79a-7a1eb0061ae1,Organizational leadership
5f777ec8-fbda-4754-b1d8-b38986b43395,"Business administration, management and operations, other"
ae352dcd-b2b5-4d64-90ed-fe21e8085414,Music
b70f743b-f2b9-4216-bc86-0228bc49aa49,Business analytics
d25f22aa-faf3-4d26-aa2c-0d73b27156d8,Organizational leadership
7ec26b3f-af4d-4294-a8f6-75380e59f25b,Sustainability studies
a88f88bd-825f-4787-8a89-a7ebd98d8d14,"Communication, journalism, and related programs, other"
60b9688e-914f-4b91-b122-7e17b772fffa,"Sociology, general"
60b9688e-914f-4b91-b122-7e17b772fffa,"Human development and family studies, general"
f4d174a8-791c-40cd-8d1e-3fd8dfe1684e,Spanish language and literature
5f3bd044-8d7f-48c4-aa3e-8da15552bb81,"Chemistry, other"
0bee50f3-b623-4230-8abb-e3e90ef0d3ae,"Data analytics, general"
e7fe8451-6c9d-49c1-81b0-fc84e05a0ff8,Women's studies
2e9c6c71-03db-4766-863f-4c0cb98e18df,"Business administration and management, general"
65006731-aa8a-4948-b1fa-379bbd72479a,Mass communication/Media studies
ef457449-1d97-489e-b0bf-f8b3fd1c15bf,Spanish language and literature
bb61a512-5eff-4690-b76f-4ea477c3bb5a,"Finance and financial management services, other"
e984fd7c-71d2-4efa-9625-03da6a4936bb,Real estate
e3165eae-f145-4254-8508-36f29e878cb6,Spanish language and literature
e3165eae-f145-4254-8508-36f29e878cb6,"Economics, general"
c74f2e54-32f2-497f-be6b-5745fbcb47d1,"Fine/Studio arts, general"
6a6fdb8c-2c83-47cd-beeb-2ad4c351273b,"Communication, general"
5208adf2-2272-4ce4-ae34-0557c6ec5eb7,"Economics, general"
a3e3d508-5ba7-4c87-9c4e-1ecf3d749438,
351c5e32-d71c-4b58-b4ce-f15eb25f9586,Spanish language and literature
e1c8ba70-061a-4cb9-975e-463e643700c9,Accounting and business/Management
242a3ccf-34b8-49b0-9efe-a4000562f645,"Biology/Biological sciences, general"
9cfab956-088f-4378-b1ef-08d4f3e556fa,"Data analytics, general"
3a496757-db26-4f45-ab3e-ef3b02f87032,"Geology/Earth science, general"
216942ce-2dd2-42c1-8d22-4adf7ff5030e,Entrepreneurship/Entrepreneurial studies
85303a7f-5d47-4d8b-ac15-b69428715c7b,Entrepreneurship/Entrepreneurial studies
276a2507-a2e3-43da-9482-61253d69aa59,French studies
dc826ac5-3c5b-489d-9d56-f1a568712528,"Dance, general"
f7d0fc8a-78ea-4a2e-b97c-d8397468085f,"Fine/Studio arts, general"
442a6f3a-7c02-4b1b-bb86-e30f1bb825e4,"Communication, general"
9f8c41a9-5ad0-4387-bd40-6261c57eb3cd,"Business administration and management, general"
5f74e68f-f6a2-4ea2-b15e-8f61829708bc,"Business administration, management and operations, other"
aa7f9a16-49ee-42e7-91bf-16442c892e40,"Educational leadership and administration, general"
36f92de3-762e-44eb-8a1e-c2ca8fd6aab1,"Entrepreneurial and small business operations, other"
813f3abc-1009-49a8-a6b2-9bdbc0ebe0a3,International business/Trade/Commerce
d58d1990-035b-47f3-a890-97834606c85a,International business/Trade/Commerce
7a2c85f0-6b89-4cf0-8d44-267626b0ae5d,"Psychology, general"
8f156b00-f0ff-4e15-81f4-eca17ed8f015,"Marketing/Marketing management, general"
58e18991-9b61-43b8-940e-ddbc55fb3866,Spanish language and literature
b62f88b6-ff0e-4aa9-b214-b07e437f0358,"Biology/Biological sciences, general"
4ffb11c3-9764-44d0-9bf2-27c93104f5a2,"Business administration, management and operations, other"
2338b52b-3839-43fa-acde-e5bf78a9c995,"Business administration, management and operations, other"
8b4ada4d-70f1-4d32-9039-881856d562fe,Agribusiness/Agricultural business operations
e7548387-9dbc-4185-b0f1-89a77b866d06,"Business administration and management, general"
edf14cc7-7c51-4a05-ad07-ea2fb781e351,
edf68e23-5b45-470d-96af-c75755a08bf2,Music
a4313f71-dc4a-44cc-bc75-deec0b7e1f2a,"Political science and government, general"
fcafeee5-4dcf-4624-9689-5be57f69b2c7,"Sociology, general"
1a6e885f-9158-4901-b5af-a99062c57eae,"Biology/Biological sciences, general"
d3e87c28-bb7f-4e4d-b749-de1dc33976e6,"Biology/Biological sciences, general"
7e323dd2-05f0-47a0-82fe-3a97912d2b1e,Neuroscience
913e6dde-2f68-41c6-a529-c779fa4e532a,"Fine/Studio arts, general"
f04a1592-28c3-4ef4-85e9-28b3719a67ae,Child development
455611a5-38a9-4af4-8b6c-55585fff9ebe,"Anthropology, general"
a2d1ca67-0d0c-47a4-b167-4dfd622d43f1,Tourism and travel services management
881101b8-dc5c-40d3-8966-d7be8d1e42aa,"Psychology, general"
57f5efde-937e-4f1f-8343-0c85e3114184,"Multi-/Interdisciplinary studies, general"
7388dfc9-1bf5-4018-a5a4-1c55df1d1546,"Art history, criticism and conservation"
2f464649-9fb7-4b32-9086-a01966056fde,"General merchandising, sales, and related marketing operations, other"
d81bb738-c9d6-4d66-a3f3-942b86296f4a,Disability studies
cfa37db0-605c-4767-ad68-b9da6f6e7a8d,Neuroscience
14dac20f-623f-4f69-8b01-c2826570af66,"Business administration and management, general"
dd223864-767a-480c-a2f9-1a1054f36dbf,"Fine/Studio arts, general"
739615e5-dc54-43cb-bb5e-53fb263ebbd8,"Psychology, general"
739615e5-dc54-43cb-bb5e-53fb263ebbd8,"Biology/Biological sciences, general"
071d7b27-96f0-4a7c-a59f-7175516c2207,Environmental studies
29ff27f0-b174-4b1e-b427-837c351cf2fa,"Business administration and management, general"
7ba86ffc-f6d9-4753-80dd-3e21d5602618,Legal studies
2214f620-3349-4c57-ab28-0131afb3dc63,Environmental studies
2214f620-3349-4c57-ab28-0131afb3dc63,Environmental health
013d7be3-72b1-418d-9033-68d6f718af44,"Biology/Biological sciences, general"
0c91eb11-f6e6-425a-b03e-7c7666508c83,Jewish/Judaic studies
0c91eb11-f6e6-425a-b03e-7c7666508c83,"Criminal justice and corrections, general"
013d7be3-72b1-418d-9033-68d6f718af44,"Chemistry, general"
183f2280-f1f7-4622-926b-9c2239e1d6e6,Japanese studies
b207e15c-3f4d-4eb8-a378-9d8401327f95,Legal studies
4782c5f0-d9d2-45d1-a1f3-70c969e19531,American sign language (asl)
7cfc1332-6f3f-4652-b5fd-60d37770fc27,Applied linguistics
0ba925a3-8d40-4222-8aad-0eee8a1207d9,"Business administration, management and operations, other"
a8a1733d-8367-4bf0-8b34-1a8917a92571,Spanish language and literature
1e6febe2-b556-4fd1-bf75-1608001c98c4,"Economics, general"
97c1ba61-d3df-4959-a397-190750c70533,"Business administration, management and operations, other"
c017b848-9c38-4500-ab10-783024980e38,"Psychology, general"
75206d19-0b8b-4832-b0a4-f6de301a5f31,Environmental science
ce780e39-bba4-4009-a74c-8b8dbe14e2e2,Music
ce780e39-bba4-4009-a74c-8b8dbe14e2e2,Speech communication and rhetoric
cf3ca9ef-cb4f-4fef-8118-99d305e3b472,
e5c1d831-9419-444e-b257-24a683624e50,"Business administration, management and operations, other"
7fca369f-4459-424b-aff5-bc81ccb43c91,Sustainability studies
7fca369f-4459-424b-aff5-bc81ccb43c91,Spanish language and literature
8836bd13-1d0f-4e11-b6af-e1a5d509829d,Writing
5a8b8bc1-17b2-4dc5-a973-4396930c2433,
91e41574-17aa-4a64-96f5-427f728f01f1,"Hospitality administration/Management, general"
249b478e-6858-415b-91ed-40d2e827846c,Spanish language and literature
c4d21084-18f5-4492-9257-dbc43d6836cb,"Rhetoric and composition/Writing studies, other"
0243bc02-322b-4ea3-a0a8-3f6ccc93aeaf,Rhetoric and composition
4c3527c2-b238-4937-b930-09f6d40a37cf,"Communication and media studies, other"
d52340b8-17a0-4177-a3e3-ba87327c14f6,"Psychology, general"
d52340b8-17a0-4177-a3e3-ba87327c14f6,Accounting
03d291ef-bac2-48c4-bd72-d21a5897f223,
fb296598-8856-47d3-84ed-cf1556f74c95,Digital humanities
e73caa23-359a-4a58-b96f-9b202d2203d5,"Criminal justice and corrections, general"
154655f1-8715-4da7-9b3b-693251364b59,Digital marketing
760f2d2e-0322-444b-bd9c-5aeeffafb50b,
f57bf5d5-fa57-4f32-871d-6e3d85fca475,Spanish language and literature
d9424b64-18c8-47ff-ac42-69a58be84d04,"Finance, general"
d9424b64-18c8-47ff-ac42-69a58be84d04,"Applied mathematics, general"
87022075-34e7-44c2-a705-43bc5d1e3f84,"English language and literature, general"
6a5b9472-a848-428e-ad9b-9114ac020a01,"English language and literature, general"
2500e9c6-72ea-4264-a760-df3f434198ab,"City/Urban, community, and regional planning"
1847808a-d794-4b92-b7f1-34e1291cc15f,"Political science and government, general"
885b90e7-d7c6-414d-9cf6-6d2c46f29ecd,Spanish language and literature
f6d214f4-2886-4080-a655-0d7daedf45ae,"Sociology, general"
adc854f8-1122-4c08-8ec3-42ea5df2943a,Horticultural science
e0ab2afd-2416-437b-a9a4-8384b0625cd5,
2881aa37-a924-49d9-955b-05302749f79c,
67a30f14-2624-4397-ad3a-7adf5bb802f9,"International relations and national security studies, other"
37c265fd-b9d6-4825-b5a0-730b75b6f318,"English language and literature, general"
05f695b9-a849-4e05-bd99-fa0700bb3a89,"Finance, general"
a872ebd2-1ce6-47d0-b94e-8562a00ad19d,"History, general"
a872ebd2-1ce6-47d0-b94e-8562a00ad19d,Spanish language and literature
5203e356-13a4-4b5d-98d2-e2705517cd9e,Music technology
92ca4e5e-2e64-421d-821b-884c6622e3c3,Business analytics
39508844-afe0-4616-bf51-f7d4d4e56234,"History, general"
eb0f9053-4466-464c-a951-596ed92d5097,"Psychology, general"
f9bd4ead-21fb-45d8-816a-32cc8da8bd43,"Marketing/Marketing management, general"
24840c85-f21c-472e-9e44-dd854546ccf4,Theology/Theological studies
0abea54a-9c54-4db2-a5bd-ff28ba97f9eb,Spanish language and literature
6a70193b-0f9e-45e1-bc39-6bcdfda99e4a,"Business administration, management and operations, other"
b4356598-4673-4e90-b92c-7c1e6e051d91,Fashion merchandising
3297bffe-beba-408a-9d29-bdc47f1c2783,"Marketing/Marketing management, general"
0c83987c-14f9-4138-ad17-4df28d1fcf88,"Economics, general"
0c83987c-14f9-4138-ad17-4df28d1fcf88,"Political science and government, general"
a8c8fa43-b029-4a7a-b241-9e44e445996d,Spanish language and literature
1237145d-a3f0-404a-a84a-520030a57861,"Business administration, management and operations, other"
044911a5-9269-464f-8443-2837cf2a44a8,"Psychology, general"
3ecab6b0-6b59-480b-a23d-9d87cd33689d,
b7449500-ca65-4f13-bc25-88a4bd369513,Spanish language and literature
666afbb3-22ac-4314-9bfd-731fa7243ac0,
844b0ac4-4311-40a3-bfaa-680fe7e4a746,Spanish language and literature
28b81d08-594d-49e6-9762-5550acf1928b,"Computer and information sciences,  other"
b40cf512-889b-4f61-b6d8-7ccced082c13,"Computer and information sciences,  other"
dab39542-7121-4059-9513-7a213d23da72,Food science
4b096aad-8d74-4ccf-895a-60637fe2ed80,"History, general"
4b096aad-8d74-4ccf-895a-60637fe2ed80,Sports and exercise
1f14594a-ddd3-4e49-9243-c2dca22eed1e,"Environmental/Natural resources management and policy, other"
1f14594a-ddd3-4e49-9243-c2dca22eed1e,"Political science and government, general"
12c0be96-1290-4942-a4b2-b2c1e4f16ec0,"Business administration, management and operations, other"
442d3524-e930-4732-a54c-f20afaad4816,Spanish language and literature
d83a7b3a-8d37-40ed-a211-3e623e0af2be,"Psychology, general"
68bc0db7-3abe-4a5a-a29d-c57142accdb0,Entrepreneurship/Entrepreneurial studies
9504c678-6af3-4402-b4a2-48e7b1ee50d8,"Psychology, general"
f9899c22-31aa-4825-8f12-d7e16d4e3986,Spanish language and literature
122e42c2-daea-408e-91fa-0930cbab5700,Interior architecture
88fb1c88-80cf-41b7-a50a-ca70f7f9b800,Real estate
ee5143d9-37a2-416c-9825-7ea9ce6e9939,"Anthropology, general"
555a01be-d972-4821-be3e-1d75cf3ba7f7,Mathematics and statistics
10908f84-7386-4454-a1b4-10bdea23d6b4,Spanish language and literature
cb616d4e-9399-43b7-a54c-54f204e9beab,Spanish language and literature
dd6d8cd2-e188-410b-9cd7-b71ada78f7b3,Spanish language and literature
3d58b39a-7363-47ba-9c78-9ee00d61e807,"Political science and government, general"
445fdc36-8bc4-49d8-9334-5ea8c551211f,"Finance, general"
445fdc36-8bc4-49d8-9334-5ea8c551211f,Spanish language and literature
998ea2cb-bcc8-43c6-865c-b5b951ff0c95,Criminal justice/Police science
471d5bad-17d8-450a-90e0-1e91d7a51d14,
f1bcb5bf-5bbf-40f7-9ea7-9af734ad5a87,Spanish language and literature
f1bcb5bf-5bbf-40f7-9ea7-9af734ad5a87,French language and literature
69444d8f-6e1c-4b0b-9da3-34f7225b6ce9,"Marketing/Marketing management, general"
5053f612-7c40-4c8f-b18a-12fc4dcb7bf6,"Political science and government, general"
02a0a43b-c315-4463-83fd-078e85fd3d0a,"Human resources management and services, other"
d1396667-6b2b-4dd9-a478-704d930de4c8,"Communication, general"
f692f1a8-548e-4558-81e0-474428010019,"Political science and government, general"
4b8c6367-e3f0-4d85-b27f-62eb45f2aefe,"Data science, general"
8d265825-feed-404c-91e7-c0bec784aed4,"Finance and financial management services, other"
f88305cf-86f5-4983-807d-8ad280753db5,Fashion/Apparel design
e0bd1908-daf5-438c-bf98-aed9b4ab367d,"Art history, criticism and conservation"
f69d90e9-f711-41f3-9827-1560828b0729,"Sociology, general"
f69d90e9-f711-41f3-9827-1560828b0729,Educational psychology
aa69f8d2-82eb-4935-88d6-a440a6fb26dd,French language and literature
ead00472-1284-4197-8897-d0f20d5a4b95,"Psychology, general"
95587424-c0bf-4960-91bb-6ea56a560eaa,"English language and literature, general"
acc17c15-d2be-4bcc-84cb-243da2b2f1ed,"Psychology, general"
de671138-efd7-4d3b-901f-0f92b6c335b2,Drawing
45688e1b-3f9b-429e-86f8-b974a63af589,American sign language (asl)
d55b6834-17e4-4dca-b5e8-7d5e5831a189,"Communication, general"
d9339057-c629-42b9-bb3e-87c91e449625,French language and literature
dfc15820-a0d8-4e02-aafe-bcab29f6ee80,"Dance, general"
54da2dcc-8123-4594-946b-b1a59d63e9ed,Spanish language and literature
bbc3a48c-65e1-44bf-a660-1a17ff161417,Chinese studies
3deb3326-b4c7-4b69-b478-72528805dedd,
ba9180f0-e038-45df-95c0-0b7fb1fe3d24,Music
a3f7be2a-8637-43ad-8c61-3f0f4fd912bb,"Political science and government, general"
a3f7be2a-8637-43ad-8c61-3f0f4fd912bb,"Finance, general"
08ec7f4f-ff9a-49f9-ab1f-b4f223cfd2c2,"Data analytics, general"
caa3deb4-6999-4cde-a748-e95d4be89cef,"Data analytics, general"
388b892f-33f9-4972-be63-3136d2715fa0,"Business administration, management and operations, other"
12d21d1e-e24b-46ba-8f16-f4daea32c530,"Political science and government, general"
28fa02bd-8290-4ccb-b4a6-13633107a9cd,"Psychology, general"
a3760169-d296-40bb-b62c-ee0202633636,"Psychology, general"
9a95ab83-26ef-4215-8bc1-27a419628e05,Spanish language and literature
855a3e29-3aab-4c53-b153-270292066c62,"Data analytics, general"
8f74edab-bc30-4e0d-ba4b-7507ef66d2e7,Medical/Health humanities
0205c8e0-e0c9-4efd-b8af-e0da98b1927c,Urban studies/Affairs
1fa9f2de-39f6-40f1-ade0-fb2aa35eeb34,"Sociology, general"
76e0e616-1e29-46aa-b299-b59c96801196,"Mathematics, general"
d499eb53-dec8-4c18-be8a-b0602528d9c7,Philosophy
d0171752-4a3e-4fcd-b7e9-65d621d6c767,Philosophy
4498cbdf-c861-4b6d-9a31-c9d4e213ca69,"Communication and media studies, other"
8d236b76-894b-4dfc-8197-fcf5a4b9ca7c,Philosophy
d28f069c-58b3-43ae-b36e-eaa1a2dbc393,Spanish language and literature
a035f104-2eb5-41e9-8297-d4ec835925cd,Spanish language and literature
09830873-3bdd-47e0-b320-12766028b992,Spanish language and literature
5492969a-84f0-46b8-ba39-7a792b656386,Spanish language and literature
b6533320-9fe9-4067-aa83-da0f048afe0e,Spanish language and literature
4a56f885-a9df-4c5f-bd50-9f751b1bb0e9,"Public health, general"
47a608f0-0c97-4b30-834d-7d0f260f795e,"Public health, general"
1c8106f9-cd77-4ce7-a3de-83be12d6a9ad,Applied psychology
206d71ea-8983-432d-a79c-98116d15df1a,Applied psychology
1c8106f9-cd77-4ce7-a3de-83be12d6a9ad,Clinical nutrition/Nutritionist
206d71ea-8983-432d-a79c-98116d15df1a,Clinical nutrition/Nutritionist
094911ea-c5d9-44c4-b398-7d0e4260f086,French language teacher education
1c266322-4559-4cdf-89b0-d45073cf8553,"Business/Commerce, general"
bade5717-29f2-44a9-a973-01f26f21589d,Graphic design
c33443e3-4657-463a-a332-8055938e7753,Spanish language and literature
34ca9eca-ad09-401d-bb20-3f5b45842d79,Computer and information systems security/Auditing/Information assurance
662bb6eb-2364-40db-b8a8-8f8a3f7f498c,Entrepreneurship/Entrepreneurial studies
d72e1d9f-6bd5-4056-b18f-a45884199ef4,"Business, management, marketing, and related support services, other"
39122a61-067b-4d5d-b0cb-d6d6c1bf572b,"Public relations, advertising, and applied communication"
82471c13-403f-4fae-8980-aa2b1428d23b,"Public relations, advertising, and applied communication"
e294bdf4-dd3f-49c8-ad8c-160b77f08034,Spanish language and literature
a37a634f-3938-40de-9bc8-5203fad4ea4f,"Psychology, general"
a37a634f-3938-40de-9bc8-5203fad4ea4f,"Economics, general"
815506ba-ee58-4a27-9bf0-dbf632e444bc,"Management information systems, general"
b9c7c1bf-3f10-43b3-ad0c-2eb688ee268d,"Multi-/Interdisciplinary studies, general"
b9c7c1bf-3f10-43b3-ad0c-2eb688ee268d,Spanish language and literature
b1b25ae5-2cbf-4b6c-ad16-e420dc3f2f63,Spanish language and literature
c09c6cbd-ebe6-428a-80dd-09703b56f680,"Economics, general"
95bc3db0-a873-4fdf-af7b-6fc866d6335a,Spanish language and literature
194f90d5-4a95-46dc-bda0-6282f74575b1,"History, general"
6a4667c2-7032-4f96-9643-2d31ef046df6,Spanish language and literature
0e94ce44-9083-4fa8-9b12-d8bf48826982,Spanish language and literature
0ce1f3df-9996-4889-8333-2b4803cb10b1,Entrepreneurship/Entrepreneurial studies
0ce1f3df-9996-4889-8333-2b4803cb10b1,"Political science and government, general"
dcb4f904-6623-4ad8-8004-30a4d0de6f01,Spanish language and literature
59568a8d-838d-4db1-a324-5b27850813b3,"English language and literature, general"
59568a8d-838d-4db1-a324-5b27850813b3,"Statistics, general"
0bb72e23-8606-47c7-afb9-9317fc466cf5,"Business administration, management and operations, other"
95bc3db0-a873-4fdf-af7b-6fc866d6335a,Pre-law studies
4c36ea89-9cce-4859-8050-2d616e981a91,Spanish language and literature
3b73ca0a-4f01-4ad0-b3fa-ee256b807b80,"Economics, general"
6e28b028-40dc-489e-a06c-98d476ebbfff,Spanish language and literature
df25eca9-82a4-4df4-aadf-9efcb89c6e5e,"English language and literature, general"
15f48d58-c27d-4d81-a465-0bb938804844,"Marketing/Marketing management, general"
391140bf-b41f-455a-904f-ef00fd3a64cf,"Biology/Biological sciences, general"
391140bf-b41f-455a-904f-ef00fd3a64cf,Russian language and literature
86bce6b0-ca76-46ed-91b1-0b67309166c0,"Data analytics, general"
a1919d32-6a57-4077-8507-aa18443160d3,Spanish language and literature
3e63a2e5-185b-461b-97a2-b09f66cad1b7,Spanish language and literature
3e63a2e5-185b-461b-97a2-b09f66cad1b7,Sustainability studies
85b50801-c170-4e26-b83c-355f4f7742d8,"Marketing/Marketing management, general"
85b50801-c170-4e26-b83c-355f4f7742d8,Journalism
2cea1423-f555-452b-98d1-13d435a6335b,"Computer and information sciences,  other"
45ba7b0a-fe48-4c8f-bf82-f9fd106c58bd,"Marketing, other"
79a1646a-e669-4632-bb26-24dbaab2661d,"Marketing, other"
5fd2916a-7d16-4e0d-b8e6-81aa93823cdb,"Construction management, general"
be0eb24c-c6e0-4fac-8931-aad4e5237c71,Creative writing
09d20ca0-b553-4885-80ee-981552bb6a9c,"Business administration and management, general"
ed6a8282-aa57-4341-872b-b7c790c641ce,"Political science and government, general"
cbfb142a-1f7e-446e-9b62-719f5949b2e5,"History, other"
2fa10e54-564d-4291-8240-9d0176629748,"Professional, technical, business, and scientific writing"
7b22cca2-91c6-43d6-8c92-851de9107b77,"Public health, general"
2fa10e54-564d-4291-8240-9d0176629748,Creative writing
1e20ac20-652c-406a-a06a-d1614fa02b04,Spanish language and literature
2fa10e54-564d-4291-8240-9d0176629748,Applied psychology
a3fc8688-bd45-499b-8b56-9a744e7c43fa,"Art/Art studies, general"
7f828d18-9cb1-47d6-8400-3d6ae590008f,French language and literature
5cfb3f6b-23ba-4c1d-b0cc-5abdb014883f,"Psychology, general"
70020eb0-77d0-4c5d-9348-78cbe4d25baa,Graphic design
167f9eb8-f2d6-40bc-a505-b9141b732c71,Spanish language and literature
0b0269ca-cd84-42d5-a631-ac370eac8b5e,"Business administration and management, general"
f6c120dd-a640-4b5c-8108-6171264da2e7,Spanish language and literature
2f291440-4d3e-4011-832c-6e5b7375b2b9,"Business administration, management and operations, other"
76f61d9e-418d-4cc8-9732-48ef5b8d4f3c,Neuroscience
76f61d9e-418d-4cc8-9732-48ef5b8d4f3c,"Biology/Biological sciences, general"
e21fbb21-95bd-434c-8e25-ae382f1ebc63,"Business administration, management and operations, other"
ca44fbf8-4403-4977-8bb4-134ef741ba44,"Communication and media studies, other"
75ae4d13-57b3-4c23-b8ea-f0e41b37b3f4,"English language and literature, general"
113423e7-8a25-44a3-8579-af69dc2b308a,"Economics, general"
113423e7-8a25-44a3-8579-af69dc2b308a,International law and legal studies
3c43a0ee-3a92-4f4b-8e5c-62a3bde82914,"Finance, general"
1afb3960-a08e-4d9c-bc8f-af02ece159ee,"Chemistry, general"
a55f783d-7604-435e-ba5d-6b09f593360b,Spanish language and literature
88acf3be-7171-461e-b502-5f8638993859,Nuclear engineering
bf38aecd-49c3-437e-a7fd-993d964b71e8,Criminology
0badc1cb-f2b0-4042-b068-58ced844ac14,Spanish language and literature
3fe7e1c4-98e2-4c1b-bd71-4a69d6bf0bb7,Spanish language and literature
9430c069-c1e7-43c5-8aa9-4602f6ed53db,Spanish language and literature
5a3257b7-2fee-4a9c-8b98-100b65ce5673,"Chemistry, general"
9a9407ac-e080-42f7-87d6-cc8fadeda254,Spanish language and literature
11f1f853-6483-4a26-b210-48f119f2eb29,Urban studies/Affairs
9cbc833d-1b40-452f-bb39-47ba06575f26,"Economics, general"
9cbc833d-1b40-452f-bb39-47ba06575f26,Accounting
9d918213-6894-4e33-90ce-1f3dd2fd2c26,"Data analytics, general"
2ad98691-0a55-4221-961f-d6eb1da11769,Audiology/Audiologist and speech-language pathology/Pathologist
4198feec-c00f-497d-9b40-3ce2d7aadf6f,Spanish language and literature
9229de0c-45c0-4af5-9e69-53d36352ea0b,"Biology/Biological sciences, general"
b36c72aa-c65d-4823-aa2f-41ac0e9069c4,Spanish language and literature
4504b0c8-b5b8-40a6-8d76-f031d77919ff,"Physics, general"
f09c940c-b1a5-4fb2-833d-7839e3d756a1,
9229de0c-45c0-4af5-9e69-53d36352ea0b,"Education, general"
4198feec-c00f-497d-9b40-3ce2d7aadf6f,"Marketing/Marketing management, general"
9b13e593-e9f0-4d15-b473-f9517181fc9c,
3f294e23-0c8f-48a4-8eb7-ace64d39b523,"Business/Commerce, general"
3f294e23-0c8f-48a4-8eb7-ace64d39b523,Spanish language and literature
5e2c3ddc-40ad-49d4-87ed-9de6a8e67d86,"Psychology, general"
60b5aab7-9ffb-4c45-b1d0-e867ce55795e,"Dance, general"
6a838c82-675a-4662-b193-ad93b7506eb0,Peace studies and conflict resolution
5ba8dddd-412a-4003-8fc7-aea4e4adb9d5,Spanish language and literature
630ddc76-380c-4030-8db6-5f96624793c3,"Chemistry, general"
630ddc76-380c-4030-8db6-5f96624793c3,Medical anthropology
959bbc97-5f2d-4f76-b033-812fd5aa826e,"Business administration, management and operations, other"
ba709314-f980-45ea-82a3-aeb8c2b951f5,"Criminal justice and corrections, general"
8f23cb9e-64a9-4710-99a8-38937712268e,Art
e5a55fdb-5425-4703-b061-4f740dd62099,"Finance, general"
b702c54f-4a76-4cda-a873-9f277f4a6659,Italian studies
b76a84fc-2c22-43fd-9170-13829135c85b,"Marketing/Marketing management, general"
b76a84fc-2c22-43fd-9170-13829135c85b,Entrepreneurship/Entrepreneurial studies
38e325bf-c82d-4e24-9668-91a9afbe9ab4,"English language and literature, general"
0326f58e-c016-4162-82a8-5bd10c32571d,"Business administration, management and operations, other"
6b196d88-f8ad-41c1-9a02-e81d28507268,"Sociology, general"
1667374d-e728-48fe-b882-1d155c66aa5e,"Psychology, general"
1439f2b8-6d5c-4bab-b2e9-bcc3788d31e9,"Fine/Studio arts, general"
d55c5d03-09e1-4984-b43b-ea79c409909e,"Marketing/Marketing management, general"
698b471f-0ccc-40a0-a5d6-5ee1c29282c7,"Psychology, general"
10017a4b-49d0-499c-a2ca-76810ea6021c,
81466ded-6d26-4a6e-97c4-32f8adb4f055,Honors/Regents high school/Secondary diploma program
506b00cf-361a-4c60-a6bc-9a017e23eeb2,"English language and literature, general"
506b00cf-361a-4c60-a6bc-9a017e23eeb2,"Sociology, other"
549aa067-7361-48cf-9faf-9358a6266f81,"Fine/Studio arts, general"
a3bbdfa3-3cd7-46ce-8775-7075160759f6,"Business administration, management and operations, other"
0dec7d8c-277f-4618-bae5-0226ae7dd4ba,Business and innovation/Entrepreneurship teacher education
a23daaa4-29d5-4150-87ae-4f1d6731a9b4,Spanish language and literature
43845246-2fc6-4950-b992-e50917942f29,"Fine/Studio arts, general"
14f65d53-0684-45b6-8eeb-eebcb02a4263,Spanish language and literature
75da03e4-8adb-4fd3-a6a8-d0eaea5c91fd,Creative writing
9c2a4c85-b328-45f5-922b-dad9a5630cf6,"Fine/Studio arts, general"
7eca84d4-d2c4-46c1-8e5c-5af879914668,"Sociology, general"
7eca84d4-d2c4-46c1-8e5c-5af879914668,"African languages, literatures, and linguistics"
90e5dbe4-849d-4e95-90d5-226036c0c4cf,Chinese studies
001c43ba-1dcd-4a3a-b776-c9708dc3cff1,"Management information systems, general"
001c43ba-1dcd-4a3a-b776-c9708dc3cff1,"Human resources management/Personnel administration, general"
536842a4-9824-45a3-99e5-53f20d3bfa37,"Business administration, management and operations, other"
de68e87d-a4c7-46e0-a4c3-92803ff0e551,"Computer and information sciences,  other"
6c5422a1-ccfc-4918-ae27-4b0204f2ff5b,Health professions and related programs
95acc42a-f697-4321-b3dc-521f01f693b9,International business/Trade/Commerce
f1677bcb-c6c6-42f5-8ca8-b3c471649ab2,
6934cc04-f912-4288-a429-31d2250a0269,"Education, general"
3586b2ae-c996-48c7-b0ee-636e9fb12c9d,"Education, general"
b1ead61a-37b5-4506-8a3e-b02197ac0908,Spanish language and literature
ac74eab2-5d79-4ca7-bcc7-f2f7c7034040,"Economics, general"
065cf53c-6dc3-45f7-b5db-967a27f0de22,"Mathematics, general"
c06811c1-3a63-4b1f-9620-42a677c7cb4d,"Psychology, general"
7d0d1239-9c38-4ae4-9d93-739cbb60ea58,International business/Trade/Commerce
72921ab3-8ace-4217-86c9-8aa5b69d8327,Spanish language and literature
72cf27fe-a0d7-45fe-b90e-d1b78821dbd2,Medical anthropology
ae2af41d-9c93-45b3-bcda-cba03bbdcfac,"History, general"
e11e6453-6a3c-4dd1-a9b2-2b06deb03938,"Business administration, management and operations, other"
e265a074-1421-485d-bc25-f99cf4846494,"Business administration, management and operations, other"
6b1b0f2d-c6bf-4d13-bab7-59a6ad368d99,French studies
f0030db8-4c47-46d7-8a3a-d14da504013a,"Marketing/Marketing management, general"
